0,0.003,0,7,0.0
0.5,0.003,0,7,0.0
1.0,0.005,0,9,0.0
1.5,0.005,0,10,0.0
2.0,0.005,0,14,0.0
2.5,0.003,0,14,0.0
3.0,0.003,1,20,0.0
3.5,0.003,1,23,0.0
4.0,0.003,1,26,0.0
4.5,0.005,1,27,0.0
5.0,0.005,1,29,0.0
5.5,0.005,1,30,0.6000000000000001
6.0,0.006,1,34,1.2000000000000002
6.5,0.006,1,36,1.2000000000000002
7.0,0.008,1,42,1.2000000000000002
7.5,0.006,2,44,1.2000000000000002
8.0,0.005,2,48,0.6000000000000001
8.5,0.003,2,50,0.6000000000000001
9.0,0.005,2,52,0.6000000000000001
9.5,0.005,2,54,0.6000000000000001
10.0,0.005,2,55,0.6000000000000001
10.5,0.005,3,56,0.6000000000000001
11.0,0.005,3,57,0.0
11.5,0.005,3,57,0.6000000000000001
12.0,0.003,3,58,0.0
12.5,0.006,3,58,0.0
13.0,0.005,4,58,0.0
13.5,0.005,4,58,0.0
14.0,0.005,4,58,0.0
14.5,0.005,4,59,0.0
15.0,0.005,4,59,0.0
15.5,0.005,4,61,0.0
16.0,0.006,5,64,0.0
16.5,0.005,5,67,0.0
17.0,0.005,5,69,0.0
17.5,0.006,5,72,0.0
18.0,0.006,5,74,0.0
18.5,0.005,6,76,0.0
19.0,0.005,6,77,0.0
19.5,0.005,6,79,0.0
20.0,0.005,6,80,0.0
20.5,0.005,7,81,0.0
21.0,0.003,7,82,0.0
21.5,0.005,7,82,0.0
22.0,0.006,7,83,0.0
22.5,0.005,8,83,0.0
23.0,0.005,8,83,0.0
23.5,0.003,8,83,0.0
24.0,0.005,9,83,0.0
24.5,0.003,9,82,0.0
25.0,0.005,9,82,0.0
25.5,0.003,9,82,0.0
26.0,0.002,10,82,0.0
26.5,0.005,10,83,1.2000000000000002
27.0,0.005,10,84,4.2
27.5,0.005,10,86,6.6000000000000005
28.0,0.005,11,88,7.800000000000001
28.5,0.005,11,91,8.5
29.0,0.005,11,93,7.800000000000001
29.5,0.006,11,96,7.2
30.0,0.006,12,97,6.6000000000000005
30.5,0.003,12,98,6.0
31.0,0.005,12,99,5.4
31.5,0.003,13,100,4.800000000000001
32.0,0.005,13,100,4.800000000000001
32.5,0.005,13,101,4.800000000000001
33.0,0.005,14,102,4.2
33.5,0.003,14,102,4.800000000000001
34.0,0.003,14,103,4.800000000000001
34.5,0.002,14,103,4.2
35.0,0.005,15,103,3.6
35.5,0.005,15,103,4.2
36.0,0.003,15,104,6.6000000000000005
36.5,0.005,16,106,9.1
37.0,0.006,16,109,11.5
37.5,0.005,16,111,12.100000000000001
38.0,0.006,17,113,9.700000000000001
38.5,0.006,17,114,9.1
39.0,0.005,17,116,9.1
39.5,0.005,18,118,8.5
40.0,0.005,18,120,7.9
40.5,0.003,19,122,6.6000000000000005
41.0,0.008,19,123,6.0
41.5,0.005,19,124,6.0
42.0,0.005,20,124,6.0
42.5,0.003,20,124,3.6
43.0,0.002,20,125,3.0
43.5,0.006,21,126,2.4000000000000004
44.0,0.003,21,126,1.8
44.5,0.003,21,126,1.2000000000000002
45.0,0.003,22,125,1.2000000000000002
45.5,0.002,22,124,1.2000000000000002
46.0,0.005,23,123,1.2000000000000002
46.5,0.003,23,123,1.2000000000000002
47.0,0.005,23,123,0.6000000000000001
47.5,0.003,24,123,0.0
48.0,0.003,24,123,0.0
48.5,0.005,24,123,0.0
49.0,0.003,25,123,0.0
49.5,0.005,25,122,0.0
50.0,0.005,26,122,0.0
50.5,0.003,26,122,0.0
51.0,0.005,26,123,0.0
51.5,0.002,27,122,0.0
52.0,0.005,27,123,0.0
52.5,0.005,27,124,0.0
53.0,0.002,28,124,0.0
53.5,0.003,28,123,0.0
54.0,0.003,29,123,0.0
54.5,0.005,29,122,0.0
55.0,0.003,29,122,0.0
55.5,0.002,30,121,1.8
56.0,0.005,30,121,2.4000000000000004
56.5,0.003,30,121,3.0
57.0,0.005,31,121,3.0
57.5,0.005,31,121,3.0
58.0,0.005,31,120,2.4000000000000004
58.5,0.003,32,119,2.4000000000000004
59.0,0.005,32,118,2.4000000000000004
59.5,0.005,33,118,2.4000000000000004
60.0,0.002,33,118,3.0
60.5,0.005,33,118,3.0
61.0,0.006,34,118,3.6
61.5,0.005,34,118,3.6
62.0,0.005,34,118,3.0
62.5,0.002,35,118,2.4000000000000004
63.0,0.003,35,117,2.4000000000000004
63.5,0.003,35,117,2.4000000000000004
64.0,0.002,36,117,3.0
64.5,0.005,36,116,3.0
65.0,0.003,36,115,3.0
65.5,0.003,37,116,3.0
66.0,0.005,39,114,3.0
66.5,0.005,39,114,1.8
67.0,0.003,40,114,1.2000000000000002
67.5,0.005,40,114,1.2000000000000002
68.0,0.003,41,114,1.2000000000000002
68.5,0.003,41,114,1.2000000000000002
69.0,0.005,41,113,0.6000000000000001
69.5,0.005,42,112,0.6000000000000001
70.0,0.003,42,111,0.6000000000000001
70.5,0.003,42,111,0.6000000000000001
71.0,0.005,43,110,0.6000000000000001
71.5,0.003,43,110,0.0
72.0,0.005,43,110,0.0
72.5,0.003,44,110,0.0
73.0,0.003,44,110,0.0
73.5,0.005,44,110,0.0
74.0,0.006,45,109,0.0
74.5,0.002,45,109,0.0
75.0,0.005,45,109,0.0
75.5,0.003,46,109,0.0
76.0,0.005,46,109,0.0
76.5,0.006,46,109,0.0
77.0,0.005,47,110,0.0
77.5,0.005,47,110,0.0
78.0,0.005,47,110,0.0
78.5,0.005,48,110,0.0
79.0,0.005,48,109,0.0
79.5,0.005,48,109,0.0
80.0,0.0,49,109,0.0
80.5,0.006,49,108,0.0
81.0,0.003,49,108,1.2000000000000002
81.5,0.003,49,108,2.4000000000000004
82.0,0.003,50,108,3.0
82.5,0.003,50,109,3.0
83.0,0.005,50,108,3.0
83.5,0.003,51,108,2.4000000000000004
84.0,0.003,51,107,2.4000000000000004
84.5,0.003,51,107,2.4000000000000004
85.0,0.005,52,106,2.4000000000000004
85.5,0.003,52,106,2.4000000000000004
86.0,0.006,52,106,3.0
86.5,0.003,53,107,3.0
87.0,0.005,53,106,3.6
87.5,0.005,53,107,3.6
88.0,0.003,54,107,3.6
88.5,0.006,54,107,3.0
89.0,0.005,54,106,2.4000000000000004
89.5,0.005,55,106,2.4000000000000004
90.0,0.005,55,105,2.4000000000000004
90.5,0.005,55,106,3.0
91.0,0.003,56,106,3.0
91.5,0.006,56,106,3.0
92.0,0.003,56,105,3.0
92.5,0.005,57,105,3.0
93.0,0.006,57,105,3.0
93.5,0.005,57,106,2.4000000000000004
94.0,0.003,58,106,2.4000000000000004
94.5,0.006,58,105,2.4000000000000004
95.0,0.002,58,106,2.4000000000000004
95.5,0.005,58,105,2.4000000000000004
96.0,0.003,59,105,3.0
96.5,0.003,59,105,1.8
97.0,0.002,59,105,1.8
97.5,0.006,60,105,1.2000000000000002
98.0,0.003,60,106,1.2000000000000002
98.5,0.005,60,105,1.2000000000000002
99.0,0.002,61,105,0.6000000000000001
99.5,0.003,61,104,0.6000000000000001
100.0,0.003,61,103,0.6000000000000001
100.5,0.002,62,103,0.6000000000000001
101.0,0.002,62,102,0.6000000000000001
101.5,0.003,62,102,0.6000000000000001
102.0,0.003,63,102,0.0
102.5,0.003,63,102,0.0
103.0,0.005,63,102,0.0
103.5,0.003,63,102,0.0
104.0,0.003,64,103,0.0
104.5,0.003,64,102,0.0
105.0,0.003,64,102,0.0
105.5,0.005,65,102,0.0
106.0,0.003,65,102,0.0
106.5,0.003,65,103,0.0
107.0,0.003,66,103,0.0
107.5,0.003,66,102,0.0
108.0,0.003,66,104,0.0
108.5,0.002,67,104,0.0
109.0,0.005,67,104,0.0
109.5,0.003,67,104,0.0
110.0,0.003,68,104,0.0
110.5,0.003,68,103,0.0
111.0,0.005,68,103,0.0
111.5,0.005,68,103,0.0
112.0,0.005,69,103,1.2000000000000002
112.5,0.003,69,102,2.4000000000000004
113.0,0.003,69,103,3.0
113.5,0.003,70,103,3.0
114.0,0.005,70,103,3.0
114.5,0.003,70,103,2.4000000000000004
115.0,0.006,71,102,2.4000000000000004
115.5,0.002,71,102,2.4000000000000004
116.0,0.005,71,102,2.4000000000000004
116.5,0.003,72,101,2.4000000000000004
117.0,0.003,72,102,3.0
117.5,0.003,72,102,3.0
118.0,0.003,72,102,3.6
118.5,0.003,73,102,3.6
119.0,0.006,73,102,3.6
119.5,0.003,73,102,3.6
120.0,0.003,74,103,3.0
120.5,0.002,74,102,3.0
121.0,0.003,74,102,2.4000000000000004
121.5,0.002,75,102,3.0
122.0,0.005,75,102,3.0
122.5,0.005,75,102,3.0
123.0,0.003,76,102,3.0
123.5,0.003,76,102,3.0
124.0,0.005,76,102,3.0
124.5,0.002,76,102,3.0
125.0,0.005,77,102,2.4000000000000004
125.5,0.003,77,102,2.4000000000000004
126.0,0.002,77,102,2.4000000000000004
126.5,0.005,78,102,2.4000000000000004
127.0,0.003,78,102,2.4000000000000004
127.5,0.003,78,102,3.0
128.0,0.005,79,101,2.4000000000000004
128.5,0.003,79,101,1.8
129.0,0.005,79,102,1.2000000000000002
129.5,0.005,80,102,1.2000000000000002
130.0,0.003,80,102,1.2000000000000002
130.5,0.003,80,102,0.6000000000000001
131.0,0.006,80,101,0.6000000000000001
131.5,0.002,81,100,0.6000000000000001
132.0,0.003,81,100,0.6000000000000001
132.5,0.002,82,99,0.6000000000000001
133.0,0.003,82,99,0.0
133.5,0.005,82,99,0.0
134.0,0.002,83,99,0.0
134.5,0.005,83,99,0.0
135.0,0.003,83,100,0.0
135.5,0.003,83,100,0.0
136.0,0.003,84,99,0.0
136.5,0.005,84,99,0.0
137.0,0.003,84,99,0.0
137.5,0.005,85,99,0.0
138.0,0.002,85,100,0.0
138.5,0.003,85,101,0.0
139.0,0.003,86,100,0.0
139.5,0.003,86,101,0.0
140.0,0.003,86,102,0.0
140.5,0.003,86,102,0.0
141.0,0.002,87,102,0.0
141.5,0.003,87,101,0.0
142.0,0.002,87,101,0.0
142.5,0.003,88,101,0.0
143.0,0.002,88,101,0.0
143.5,0.003,88,100,1.2000000000000002
144.0,0.003,89,100,2.4000000000000004
144.5,0.003,89,100,3.0
145.0,0.002,89,101,3.6
145.5,0.005,89,101,3.0
146.0,0.002,90,101,3.0
146.5,0.005,90,100,2.4000000000000004
147.0,0.003,90,100,2.4000000000000004
147.5,0.002,91,100,2.4000000000000004
148.0,0.003,91,99,2.4000000000000004
148.5,0.005,91,99,3.0
149.0,0.002,92,100,3.0
149.5,0.005,92,100,3.0
150.0,0.003,92,100,3.6
150.5,0.003,92,100,3.6
151.0,0.002,93,101,3.6
151.5,0.005,93,101,3.6
152.0,0.002,93,101,3.0
152.5,0.006,94,100,3.0
153.0,0.002,94,100,3.0
153.5,0.003,95,100,3.6
154.0,0.005,95,100,3.0
154.5,0.002,95,100,3.0
155.0,0.003,96,100,3.0
155.5,0.005,96,100,3.0
156.0,0.003,96,100,3.0
156.5,0.002,97,100,2.4000000000000004
157.0,0.003,97,101,2.4000000000000004
157.5,0.002,97,101,2.4000000000000004
158.0,0.005,97,101,2.4000000000000004
158.5,0.002,98,101,2.4000000000000004
159.0,0.002,98,101,3.0
159.5,0.002,98,100,2.4000000000000004
160.0,0.003,99,100,1.2000000000000002
160.5,0.003,99,101,1.2000000000000002
161.0,0.002,99,101,1.2000000000000002
161.5,0.002,99,101,1.2000000000000002
162.0,0.003,100,100,0.6000000000000001
162.5,0.002,100,100,0.6000000000000001
163.0,0.003,100,99,0.6000000000000001
163.5,0.002,101,99,0.6000000000000001
164.0,0.002,101,98,0.6000000000000001
164.5,0.002,101,98,1.2000000000000002
165.0,0.002,102,98,0.0
165.5,0.0,102,98,0.0
166.0,0.003,102,98,0.0
166.5,0.002,102,98,0.0
167.0,0.002,103,99,0.0
167.5,0.002,103,99,0.0
168.0,0.002,103,99,0.0
168.5,0.003,104,99,0.0
169.0,0.003,104,99,0.0
169.5,0.002,104,99,0.0
170.0,0.003,105,99,0.0
170.5,0.002,105,100,0.0
171.0,0.003,105,99,0.0
171.5,0.003,105,100,0.0
172.0,0.005,106,101,0.0
172.5,0.002,106,101,0.0
173.0,0.003,106,101,0.0
173.5,0.002,107,101,0.0
174.0,0.002,107,101,0.0
174.5,0.003,107,101,0.0
175.0,0.003,108,100,0.0
175.5,0.002,108,100,0.6000000000000001
176.0,0.003,108,100,2.4000000000000004
176.5,0.0,108,100,3.0
177.0,0.005,109,101,3.0
177.5,0.003,109,101,3.0
178.0,0.002,109,100,3.0
178.5,0.002,110,100,2.4000000000000004
179.0,0.005,112,100,3.6
179.5,0.002,112,100,3.6
180.0,0.003,112,100,3.6
180.5,0.003,113,100,3.0
181.0,0.002,113,101,3.0
181.5,0.002,113,100,2.4000000000000004
182.0,0.005,114,100,2.4000000000000004
182.5,0.002,114,100,3.0
183.0,0.002,114,100,3.6
183.5,0.003,115,100,3.0
184.0,0.002,115,100,3.0
184.5,0.003,115,100,3.0
185.0,0.003,115,100,3.0
185.5,0.002,116,100,3.0
186.0,0.0,116,100,2.4000000000000004
186.5,0.003,116,100,2.4000000000000004
187.0,0.0,117,100,2.4000000000000004
187.5,0.003,117,101,2.4000000000000004
188.0,0.003,117,100,2.4000000000000004
188.5,0.003,118,100,3.0
189.0,0.002,118,100,2.4000000000000004
189.5,0.003,118,100,1.2000000000000002
190.0,0.002,118,101,1.2000000000000002
190.5,0.002,119,101,1.2000000000000002
191.0,0.006,119,101,0.6000000000000001
191.5,0.003,119,101,0.6000000000000001
192.0,0.002,120,100,0.6000000000000001
192.5,0.003,120,99,0.6000000000000001
193.0,0.002,120,99,0.6000000000000001
193.5,0.002,121,99,0.6000000000000001
194.0,0.003,121,98,0.6000000000000001
194.5,0.003,121,98,0.0
195.0,0.0,121,98,0.0
195.5,0.003,122,98,0.0
196.0,0.002,122,98,0.0
196.5,0.003,122,99,0.0
197.0,0.005,123,99,0.0
197.5,0.003,123,99,0.0
198.0,0.002,123,99,0.0
198.5,0.005,124,99,0.0
199.0,0.002,124,99,0.0
199.5,0.003,124,99,0.0
200.0,0.003,124,100,0.0
200.5,0.003,125,100,0.0
201.0,0.003,125,100,0.0
201.5,0.005,125,101,0.0
202.0,0.002,126,101,0.0
202.5,0.003,126,102,0.0
203.0,0.003,126,101,0.0
203.5,0.003,126,101,0.0
204.0,0.003,127,100,0.0
204.5,0.003,127,100,0.0
205.0,0.003,127,100,0.6000000000000001
205.5,0.003,128,99,1.8
206.0,0.003,128,100,3.0
206.5,0.005,128,100,3.0
207.0,0.003,129,100,3.0
207.5,0.006,129,100,2.4000000000000004
208.0,0.002,129,100,2.4000000000000004
208.5,0.003,130,99,2.4000000000000004
209.0,0.003,130,99,2.4000000000000004
209.5,0.005,130,99,2.4000000000000004
210.0,0.002,130,99,2.4000000000000004
210.5,0.005,131,99,3.0
211.0,0.003,131,100,3.0
211.5,0.005,131,100,3.6
212.0,0.003,132,100,3.6
212.5,0.003,132,100,3.6
213.0,0.003,132,100,3.6
213.5,0.006,133,100,3.0
214.0,0.002,133,100,3.0
214.5,0.002,133,100,3.0
215.0,0.003,133,100,3.0
215.5,0.003,134,100,3.6
216.0,0.003,134,100,3.0
216.5,0.005,134,99,3.0
217.0,0.002,135,100,3.0
217.5,0.003,135,100,3.0
218.0,0.003,135,100,3.0
218.5,0.003,136,100,2.4000000000000004
219.0,0.003,136,100,2.4000000000000004
219.5,0.006,136,100,2.4000000000000004
220.0,0.003,136,100,2.4000000000000004
220.5,0.002,137,100,2.4000000000000004
221.0,0.003,137,100,3.0
221.5,0.003,137,100,2.4000000000000004
222.0,0.003,138,100,1.8
222.5,0.005,138,100,1.2000000000000002
223.0,0.003,138,100,1.2000000000000002
223.5,0.003,139,100,1.2000000000000002
224.0,0.003,139,100,0.6000000000000001
224.5,0.003,139,100,0.6000000000000001
225.0,0.003,140,99,0.6000000000000001
225.5,0.003,140,99,0.6000000000000001
226.0,0.002,140,98,1.2000000000000002
226.5,0.003,140,98,0.6000000000000001
227.0,0.005,141,98,0.6000000000000001
227.5,0.003,141,98,0.0
228.0,0.003,141,98,0.0
228.5,0.003,142,98,0.0
229.0,0.002,142,98,0.0
229.5,0.002,142,98,0.0
230.0,0.005,142,98,0.0
230.5,0.003,143,98,0.0
231.0,0.005,143,98,0.0
231.5,0.005,143,98,0.0
232.0,0.005,144,99,0.0
232.5,0.003,144,99,0.0
233.0,0.005,144,99,0.0
233.5,0.003,145,100,0.0
234.0,0.005,145,101,0.0
234.5,0.003,145,101,0.0
235.0,0.003,146,101,0.0
235.5,0.003,146,101,0.0
236.0,0.005,146,100,0.0
236.5,0.003,146,100,0.0
237.0,0.005,147,100,0.0
237.5,0.003,147,100,0.0
238.0,0.003,147,99,1.8
238.5,0.003,148,99,3.0
239.0,0.005,148,100,3.0
239.5,0.003,148,100,3.0
240.0,0.005,148,100,3.0
240.5,0.005,149,100,3.0
241.0,0.003,149,99,2.4000000000000004
241.5,0.002,149,99,2.4000000000000004
242.0,0.005,150,99,2.4000000000000004
242.5,0.003,150,99,3.0
243.0,0.006,150,99,3.0
243.5,0.003,151,100,3.0
244.0,0.005,151,100,3.6
244.5,0.003,151,100,3.6
245.0,0.005,151,100,3.6
245.5,0.003,152,100,3.6
246.0,0.005,152,101,3.0
246.5,0.003,152,100,3.0
247.0,0.005,153,100,3.0
247.5,0.003,153,100,3.0
248.0,0.006,153,100,3.6
248.5,0.005,154,100,3.0
249.0,0.005,154,100,3.0
249.5,0.003,154,99,3.0
250.0,0.005,154,99,3.0
250.5,0.005,155,100,3.0
251.0,0.006,155,101,2.4000000000000004
251.5,0.003,155,100,2.4000000000000004
252.0,0.005,156,100,2.4000000000000004
252.5,0.003,156,100,2.4000000000000004
253.0,0.005,156,100,2.4000000000000004
253.5,0.003,157,100,3.0
254.0,0.006,157,100,3.0
254.5,0.002,157,100,1.8
255.0,0.005,157,100,1.2000000000000002
255.5,0.003,158,100,1.2000000000000002
256.0,0.005,158,101,1.2000000000000002
256.5,0.003,158,100,1.2000000000000002
257.0,0.005,159,100,1.2000000000000002
257.5,0.003,159,99,0.6000000000000001
258.0,0.003,159,99,0.6000000000000001
258.5,0.005,160,98,0.6000000000000001
259.0,0.005,160,98,1.2000000000000002
259.5,0.003,160,98,0.6000000000000001
260.0,0.005,161,98,0.0
260.5,0.005,161,98,0.0
261.0,0.003,161,98,0.0
261.5,0.006,161,98,0.0
262.0,0.005,162,98,0.0
262.5,0.005,162,99,0.0
263.0,0.003,162,98,0.0
263.5,0.005,163,98,0.0
264.0,0.003,163,98,0.0
264.5,0.005,163,98,0.0
265.0,0.006,163,99,0.0
265.5,0.005,164,99,0.0
266.0,0.005,164,100,0.0
266.5,0.006,164,100,0.0
267.0,0.003,165,101,0.0
267.5,0.005,165,101,0.0
268.0,0.005,165,101,0.0
268.5,0.005,166,101,0.0
269.0,0.003,166,100,0.0
269.5,0.005,166,100,0.0
270.0,0.003,166,100,0.6000000000000001
270.5,0.003,167,100,1.2000000000000002
271.0,0.005,167,99,2.4000000000000004
271.5,0.005,167,100,3.0
272.0,0.003,168,100,3.0
272.5,0.006,168,100,3.0
273.0,0.003,168,100,3.0
273.5,0.005,169,100,2.4000000000000004
274.0,0.005,169,99,2.4000000000000004
274.5,0.005,169,99,2.4000000000000004
275.0,0.005,170,99,3.0
275.5,0.006,170,99,3.0
276.0,0.005,170,99,3.0
276.5,0.006,170,100,3.0
277.0,0.005,171,100,3.6
277.5,0.003,171,100,3.6
278.0,0.005,171,100,3.6
278.5,0.006,172,100,3.6
279.0,0.005,172,100,3.0
279.5,0.008,172,99,3.0
280.0,0.005,172,99,3.0
280.5,0.005,173,100,3.0
281.0,0.003,173,100,3.6
281.5,0.006,173,99,3.0
282.0,0.005,174,99,3.0
282.5,0.008,174,99,3.0
283.0,0.006,174,100,3.0
283.5,0.005,175,100,3.0
284.0,0.005,175,100,2.4000000000000004
284.5,0.006,175,100,2.4000000000000004
285.0,0.003,175,100,2.4000000000000004
285.5,0.005,176,100,2.4000000000000004
286.0,0.005,176,100,2.4000000000000004
286.5,0.005,176,100,3.0
287.0,0.005,177,100,1.8
287.5,0.006,177,100,1.2000000000000002
288.0,0.003,177,100,1.2000000000000002
288.5,0.005,178,101,1.2000000000000002
289.0,0.006,178,100,1.2000000000000002
289.5,0.003,178,100,0.6000000000000001
290.0,0.005,179,99,0.6000000000000001
290.5,0.005,179,99,0.6000000000000001
291.0,0.005,179,99,0.6000000000000001
291.5,0.003,179,98,0.6000000000000001
292.0,0.006,180,98,0.6000000000000001
292.5,0.005,180,98,0.0
293.0,0.005,180,98,0.0
293.5,0.006,181,98,0.0
294.0,0.006,181,98,0.0
294.5,0.005,181,99,0.0
295.0,0.006,181,99,0.0
295.5,0.005,182,98,0.0
296.0,0.005,187,100,3.0
296.5,0.008,188,100,3.0
297.0,0.005,188,100,3.0
297.5,0.006,188,100,2.4000000000000004
298.0,0.005,188,99,2.4000000000000004
298.5,0.006,189,99,2.4000000000000004
299.0,0.005,189,99,2.4000000000000004
299.5,0.006,189,99,3.0
300.0,0.006,190,99,3.0
300.5,0.008,190,100,3.0
301.0,0.006,190,99,3.6
301.5,0.006,190,100,3.6
302.0,0.006,191,100,3.6
302.5,0.008,191,100,3.6
303.0,0.006,191,100,3.0
303.5,0.005,192,100,3.0
304.0,0.005,192,100,3.0
304.5,0.008,192,100,3.0
305.0,0.006,193,100,3.6
305.5,0.008,193,100,3.0
306.0,0.008,193,99,3.0
306.5,0.006,194,99,3.0
307.0,0.006,194,100,3.0
307.5,0.006,194,100,3.0
308.0,0.005,194,100,2.4000000000000004
308.5,0.008,195,100,2.4000000000000004
309.0,0.006,195,100,2.4000000000000004
309.5,0.008,195,100,2.4000000000000004
310.0,0.006,196,100,2.4000000000000004
310.5,0.008,196,100,3.0
311.0,0.006,196,100,2.4000000000000004
311.5,0.008,197,100,1.8
312.0,0.006,197,100,1.2000000000000002
312.5,0.006,197,100,1.2000000000000002
313.0,0.006,197,100,1.2000000000000002
313.5,0.006,198,100,0.6000000000000001
314.0,0.005,198,99,0.6000000000000001
314.5,0.008,198,99,0.6000000000000001
315.0,0.006,199,99,0.6000000000000001
315.5,0.006,199,98,0.6000000000000001
316.0,0.006,199,98,0.6000000000000001
316.5,0.008,199,98,0.0
317.0,0.006,200,97,0.0
317.5,0.006,200,98,0.0
318.0,0.008,200,98,0.0
318.5,0.006,201,98,0.0
319.0,0.006,201,98,0.0
319.5,0.008,201,98,0.0
320.0,0.006,202,98,0.0
320.5,0.006,202,98,0.0
321.0,0.008,202,98,0.0
321.5,0.006,202,98,0.0
322.0,0.006,203,99,0.0
322.5,0.008,203,99,0.0
323.0,0.006,203,100,0.0
323.5,0.006,204,100,0.0
324.0,0.008,204,101,0.0
324.5,0.006,204,101,0.0
325.0,0.006,205,100,0.0
325.5,0.006,205,100,0.0
326.0,0.006,205,100,0.0
326.5,0.005,205,100,0.0
327.0,0.008,206,100,0.0
327.5,0.006,206,99,1.8
328.0,0.006,206,99,3.0
328.5,0.006,207,100,3.0
329.0,0.008,207,100,3.0
329.5,0.006,207,100,3.0
330.0,0.008,208,100,3.0
330.5,0.006,208,99,2.4000000000000004
331.0,0.006,208,99,2.4000000000000004
331.5,0.006,209,99,2.4000000000000004
332.0,0.008,209,99,3.0
332.5,0.005,209,99,3.0
333.0,0.008,209,100,3.0
333.5,0.008,210,100,3.6
334.0,0.006,210,100,3.6
334.5,0.006,210,100,3.6
335.0,0.006,211,100,3.6
335.5,0.005,211,100,3.0
336.0,0.01,211,100,3.0
336.5,0.006,211,100,3.0
337.0,0.006,212,100,3.0
337.5,0.005,212,100,3.0
338.0,0.006,212,100,3.0
338.5,0.005,213,100,3.0
339.0,0.006,213,100,3.0
339.5,0.006,213,100,3.0
340.0,0.01,214,100,3.0
340.5,0.005,214,100,2.4000000000000004
341.0,0.006,214,100,2.4000000000000004
341.5,0.005,214,101,2.4000000000000004
342.0,0.008,215,100,2.4000000000000004
342.5,0.006,215,100,2.4000000000000004
343.0,0.008,215,101,2.4000000000000004
343.5,0.005,216,100,2.4000000000000004
344.0,0.006,216,100,1.8
344.5,0.005,216,100,1.2000000000000002
345.0,0.01,217,101,1.2000000000000002
345.5,0.006,217,101,1.2000000000000002
346.0,0.005,217,101,0.6000000000000001
346.5,0.006,218,100,0.6000000000000001
347.0,0.006,220,98,0.0
347.5,0.008,220,98,0.0
348.0,0.006,220,98,0.0
348.5,0.005,221,99,0.0
349.0,0.005,221,98,0.0
349.5,0.008,221,98,0.0
350.0,0.006,222,98,0.0
350.5,0.006,222,99,0.0
351.0,0.006,222,99,0.0
351.5,0.005,223,99,0.0
352.0,0.006,223,99,0.0
352.5,0.008,223,100,0.0
353.0,0.005,224,101,0.0
353.5,0.006,224,101,0.0
354.0,0.008,224,101,0.0
354.5,0.005,224,100,0.0
355.0,0.006,225,100,0.0
355.5,0.006,225,100,0.0
356.0,0.005,225,100,0.0
356.5,0.006,226,99,1.2000000000000002
357.0,0.006,226,99,2.4000000000000004
357.5,0.005,226,100,3.0
358.0,0.006,226,100,3.0
358.5,0.01,227,100,3.0
359.0,0.005,227,99,3.0
359.5,0.005,227,99,2.4000000000000004
360.0,0.006,228,99,2.4000000000000004
360.5,0.005,228,99,2.4000000000000004
361.0,0.006,228,98,2.4000000000000004
361.5,0.008,229,99,3.0
362.0,0.006,229,99,3.6
362.5,0.006,229,99,3.6
363.0,0.008,229,99,3.6
363.5,0.006,230,100,4.2
364.0,0.006,230,100,3.6
364.5,0.005,230,100,3.6
365.0,0.006,231,100,3.0
365.5,0.005,231,100,3.0
366.0,0.008,231,100,3.0
366.5,0.008,232,100,3.0
367.0,0.008,232,100,3.6
367.5,0.006,232,100,3.0
368.0,0.008,233,100,3.0
368.5,0.006,233,100,3.0
369.0,0.008,233,100,3.0
369.5,0.006,233,100,2.4000000000000004
370.0,0.008,234,100,2.4000000000000004
370.5,0.006,234,100,2.4000000000000004
371.0,0.008,234,100,2.4000000000000004
371.5,0.006,235,100,2.4000000000000004
372.0,0.008,235,100,2.4000000000000004
372.5,0.006,235,100,3.0
373.0,0.008,235,100,1.8
373.5,0.008,236,100,1.2000000000000002
374.0,0.006,236,100,1.2000000000000002
374.5,0.006,236,101,1.2000000000000002
375.0,0.006,237,100,1.2000000000000002
375.5,0.006,237,100,1.2000000000000002
376.0,0.008,237,99,1.2000000000000002
376.5,0.008,238,99,0.6000000000000001
377.0,0.008,238,99,0.6000000000000001
377.5,0.006,238,98,0.6000000000000001
378.0,0.008,238,98,1.2000000000000002
378.5,0.006,239,98,0.0
379.0,0.008,239,98,0.0
379.5,0.008,239,98,0.0
380.0,0.008,240,98,0.0
380.5,0.006,240,98,0.0
381.0,0.008,240,99,0.0
381.5,0.008,241,98,0.0
382.0,0.01,241,98,0.0
382.5,0.008,241,98,0.0
383.0,0.008,241,98,0.0
383.5,0.008,242,99,0.0
384.0,0.008,242,99,0.0
384.5,0.006,242,99,0.0
385.0,0.008,243,100,0.0
385.5,0.008,243,100,0.0
386.0,0.008,243,101,0.0
386.5,0.008,244,101,0.0
387.0,0.008,244,100,0.0
387.5,0.006,244,100,0.0
388.0,0.006,244,100,0.0
388.5,0.008,245,100,0.0
389.0,0.008,245,99,1.2000000000000002
389.5,0.008,245,99,2.4000000000000004
390.0,0.008,246,99,3.0
390.5,0.008,246,100,3.6
391.0,0.008,246,100,3.0
391.5,0.008,247,100,3.0
392.0,0.006,247,100,3.0
392.5,0.008,247,99,2.4000000000000004
393.0,0.008,248,99,2.4000000000000004
393.5,0.006,248,99,2.4000000000000004
394.0,0.008,248,99,2.4000000000000004
394.5,0.01,248,99,3.0
395.0,0.008,249,99,3.0
395.5,0.01,249,99,3.6
396.0,0.008,249,100,3.6
396.5,0.008,250,100,3.6
397.0,0.006,250,100,3.6
397.5,0.006,250,100,3.0
398.0,0.008,250,100,3.0
398.5,0.01,251,100,3.0
399.0,0.008,251,100,3.0
399.5,0.008,251,100,3.6
400.0,0.008,252,100,3.0
400.5,0.008,252,100,3.0
401.0,0.008,252,100,3.0
401.5,0.01,253,100,3.0
402.0,0.008,253,100,3.0
402.5,0.008,253,101,2.4000000000000004
403.0,0.008,253,100,2.4000000000000004
403.5,0.008,254,100,2.4000000000000004
404.0,0.006,254,101,2.4000000000000004
404.5,0.008,254,101,2.4000000000000004
405.0,0.008,255,100,3.0
405.5,0.008,255,100,2.4000000000000004
406.0,0.006,255,100,1.2000000000000002
406.5,0.01,256,101,1.2000000000000002
407.0,0.008,256,101,1.2000000000000002
407.5,0.01,256,101,0.6000000000000001
408.0,0.008,257,100,0.6000000000000001
408.5,0.006,257,100,0.6000000000000001
409.0,0.008,257,99,0.6000000000000001
409.5,0.008,257,99,0.6000000000000001
410.0,0.006,258,99,0.6000000000000001
410.5,0.008,258,98,0.6000000000000001
411.0,0.01,258,98,0.0
411.5,0.01,259,98,0.0
412.0,0.008,259,98,0.0
412.5,0.01,259,98,0.0
413.0,0.006,259,98,0.0
413.5,0.006,260,98,0.0
414.0,0.006,260,98,0.0
414.5,0.008,260,98,0.0
415.0,0.008,261,98,0.0
415.5,0.006,261,98,0.0
416.0,0.006,262,99,0.0
416.5,0.006,262,99,0.0
417.0,0.006,262,100,0.0
417.5,0.008,263,100,0.0
418.0,0.008,263,101,0.0
418.5,0.01,263,101,0.0
419.0,0.008,263,100,0.0
419.5,0.008,264,100,0.0
420.0,0.006,264,100,0.0
420.5,0.006,264,100,0.0
421.0,0.005,265,99,0.0
421.5,0.006,265,99,1.8
422.0,0.006,265,99,3.0
422.5,0.008,265,99,3.6
423.0,0.008,266,100,3.6
423.5,0.006,266,100,3.6
424.0,0.006,266,99,3.0
424.5,0.008,267,99,3.0
425.0,0.006,267,99,3.0
425.5,0.006,267,99,3.0
426.0,0.006,268,99,3.0
426.5,0.008,268,99,3.0
427.0,0.006,268,99,3.0
427.5,0.008,268,100,3.6
428.0,0.006,269,100,3.6
428.5,0.008,269,100,3.6
429.0,0.006,269,100,3.6
429.5,0.006,270,100,3.6
430.0,0.005,270,100,3.0
430.5,0.008,270,100,3.0
431.0,0.005,271,100,3.0
431.5,0.008,271,100,3.0
432.0,0.006,271,100,3.6
432.5,0.006,272,99,3.0
433.0,0.006,272,99,3.0
433.5,0.006,272,100,3.0
434.0,0.005,272,101,3.0
434.5,0.008,273,100,2.4000000000000004
435.0,0.006,273,100,2.4000000000000004
435.5,0.006,273,100,2.4000000000000004
436.0,0.006,274,100,2.4000000000000004
436.5,0.01,274,100,2.4000000000000004
437.0,0.006,274,100,3.0
437.5,0.008,274,100,3.0
438.0,0.006,275,100,1.8
438.5,0.006,275,100,1.2000000000000002
439.0,0.008,275,101,1.2000000000000002
439.5,0.008,276,101,1.2000000000000002
440.0,0.006,276,101,0.6000000000000001
440.5,0.006,276,100,0.6000000000000001
441.0,0.006,277,100,0.6000000000000001
441.5,0.006,277,99,0.6000000000000001
442.0,0.006,277,99,0.6000000000000001
442.5,0.006,277,98,0.6000000000000001
443.0,0.006,278,98,0.6000000000000001
443.5,0.008,278,98,0.0
444.0,0.005,278,98,0.0
444.5,0.008,279,98,0.0
445.0,0.005,279,98,0.0
445.5,0.006,279,99,0.0
446.0,0.006,280,98,0.0
446.5,0.008,280,98,0.0
447.0,0.006,280,99,0.0
447.5,0.006,281,98,0.0
448.0,0.006,281,99,0.0
448.5,0.006,281,100,0.0
449.0,0.005,281,99,0.0
449.5,0.008,282,100,0.0
450.0,0.008,282,101,0.0
450.5,0.008,282,101,0.0
451.0,0.006,283,101,0.0
451.5,0.006,283,101,0.0
452.0,0.005,283,100,0.0
452.5,0.006,283,100,0.0
453.0,0.005,284,100,0.0
453.5,0.008,284,100,0.0
454.0,0.006,284,99,1.2000000000000002
454.5,0.008,285,99,2.4000000000000004
455.0,0.006,285,100,3.0
455.5,0.008,285,100,3.0
456.0,0.005,286,100,3.0
456.5,0.006,286,100,2.4000000000000004
457.0,0.005,286,99,2.4000000000000004
457.5,0.006,287,99,2.4000000000000004
458.0,0.006,287,99,2.4000000000000004
458.5,0.006,287,99,2.4000000000000004
459.0,0.006,287,99,3.0
459.5,0.008,288,99,3.6
460.0,0.006,288,100,3.0
460.5,0.005,288,100,3.6
461.0,0.005,289,100,3.6
461.5,0.006,289,100,3.6
462.0,0.005,289,101,3.0
462.5,0.005,290,100,3.0
463.0,0.006,290,99,3.0
463.5,0.005,290,100,3.0
464.0,0.003,290,100,3.0
464.5,0.005,291,100,3.6
465.0,0.005,291,100,3.0
465.5,0.005,291,99,3.0
466.0,0.006,292,99,3.0
466.5,0.005,292,99,3.0
467.0,0.005,292,101,2.4000000000000004
467.5,0.006,292,100,2.4000000000000004
468.0,0.005,293,100,2.4000000000000004
468.5,0.002,293,100,2.4000000000000004
469.0,0.005,293,100,2.4000000000000004
469.5,0.005,294,100,2.4000000000000004
470.0,0.005,294,100,3.0
470.5,0.006,294,100,1.8
471.0,0.006,295,100,1.2000000000000002
471.5,0.003,295,100,1.2000000000000002
472.0,0.005,295,101,1.2000000000000002
472.5,0.005,296,101,0.6000000000000001
473.0,0.005,296,100,0.6000000000000001
473.5,0.005,296,100,0.6000000000000001
474.0,0.005,296,99,0.6000000000000001
474.5,0.002,297,99,0.6000000000000001
475.0,0.005,297,98,0.6000000000000001
475.5,0.005,297,98,0.6000000000000001
476.0,0.003,298,98,0.0
476.5,0.003,298,98,0.0
477.0,0.005,298,98,0.0
477.5,0.002,299,98,0.0
478.0,0.008,299,99,0.0
478.5,0.005,299,99,0.0
479.0,0.005,299,98,0.0
479.5,0.005,300,98,0.0
480.0,0.005,300,99,0.0
480.5,0.003,300,99,0.0
481.0,0.005,301,99,0.0
481.5,0.003,301,100,0.0
482.0,0.003,301,100,0.0
482.5,0.005,302,100,0.0
483.0,0.003,302,101,0.0
483.5,0.003,302,101,0.0
484.0,0.005,302,101,0.0
484.5,0.003,303,100,0.0
485.0,0.005,305,100,2.4000000000000004
485.5,0.002,306,100,2.4000000000000004
486.0,0.003,306,99,2.4000000000000004
486.5,0.003,306,99,2.4000000000000004
487.0,0.003,307,99,2.4000000000000004
487.5,0.003,307,99,3.0
488.0,0.003,307,99,3.0
488.5,0.003,308,100,3.0
489.0,0.005,308,100,3.6
489.5,0.003,308,100,3.6
490.0,0.003,308,100,3.6
490.5,0.005,309,100,3.6
491.0,0.003,309,100,3.6
491.5,0.002,309,100,3.0
492.0,0.003,310,100,3.0
492.5,0.005,310,100,3.0
493.0,0.003,310,100,3.6
493.5,0.005,311,100,3.0
494.0,0.005,311,99,3.0
494.5,0.003,311,100,3.0
495.0,0.005,311,100,3.0
495.5,0.005,312,100,3.0
496.0,0.003,312,101,2.4000000000000004
496.5,0.003,312,100,2.4000000000000004
497.0,0.005,313,100,2.4000000000000004
497.5,0.003,313,101,2.4000000000000004
498.0,0.005,313,101,2.4000000000000004
498.5,0.005,314,100,3.0
499.0,0.003,314,100,1.8
499.5,0.005,314,100,1.2000000000000002
500.0,0.003,315,100,1.2000000000000002
500.5,0.003,315,101,1.2000000000000002
501.0,0.005,315,101,0.6000000000000001
501.5,0.005,315,100,1.2000000000000002
502.0,0.003,316,100,0.6000000000000001
502.5,0.005,316,99,0.6000000000000001
503.0,0.003,316,99,0.6000000000000001
503.5,0.003,317,98,0.6000000000000001
504.0,0.003,317,98,1.2000000000000002
504.5,0.005,317,98,0.0
505.0,0.002,317,98,0.0
505.5,0.005,318,98,0.0
506.0,0.003,318,98,0.0
506.5,0.003,318,99,0.0
507.0,0.002,319,99,0.0
507.5,0.005,319,98,0.0
508.0,0.003,319,99,0.0
508.5,0.005,320,99,0.0
509.0,0.005,320,99,0.0
509.5,0.005,320,99,0.0
510.0,0.005,320,99,0.0
510.5,0.005,321,100,0.0
511.0,0.005,321,100,0.0
511.5,0.003,321,101,0.0
512.0,0.003,322,101,0.0
512.5,0.003,322,101,0.0
513.0,0.005,322,100,0.0
513.5,0.003,323,100,0.0
514.0,0.003,323,100,0.0
514.5,0.005,323,100,0.0
515.0,0.003,323,99,1.2000000000000002
515.5,0.005,324,99,2.4000000000000004
516.0,0.003,324,99,3.0
516.5,0.003,324,100,3.6
517.0,0.002,325,100,3.0
517.5,0.005,325,100,3.0
518.0,0.003,325,100,3.0
518.5,0.005,326,99,2.4000000000000004
519.0,0.006,326,99,2.4000000000000004
519.5,0.005,326,99,2.4000000000000004
520.0,0.003,326,99,3.0
520.5,0.005,327,99,3.0
521.0,0.005,327,100,3.0
521.5,0.005,327,99,3.6
522.0,0.005,328,100,3.6
522.5,0.003,328,100,3.6
523.0,0.005,328,100,3.6
523.5,0.006,329,100,3.0
524.0,0.003,329,100,3.0
524.5,0.003,329,100,3.0
525.0,0.003,329,100,3.0
525.5,0.005,330,100,3.6
526.0,0.003,330,100,3.0
526.5,0.005,330,99,3.0
527.0,0.005,331,100,3.0
527.5,0.006,331,100,3.0
528.0,0.005,331,100,3.0
528.5,0.005,332,100,2.4000000000000004
529.0,0.003,332,100,2.4000000000000004
529.5,0.006,332,100,2.4000000000000004
530.0,0.003,332,100,2.4000000000000004
530.5,0.003,333,100,2.4000000000000004
531.0,0.005,333,100,3.0
531.5,0.005,333,100,2.4000000000000004
532.0,0.003,334,100,1.8
532.5,0.005,334,100,1.2000000000000002
533.0,0.005,334,101,1.2000000000000002
533.5,0.005,335,100,0.6000000000000001
534.0,0.005,335,100,0.6000000000000001
534.5,0.003,336,99,0.6000000000000001
535.0,0.005,336,99,0.6000000000000001
535.5,0.005,336,98,0.6000000000000001
536.0,0.002,336,98,0.6000000000000001
536.5,0.003,337,98,0.0
537.0,0.003,337,98,0.0
537.5,0.003,337,98,0.0
538.0,0.005,338,98,0.0
538.5,0.006,338,98,0.0
539.0,0.002,338,99,0.0
539.5,0.003,338,99,0.0
540.0,0.005,339,98,0.0
540.5,0.003,339,98,0.0
541.0,0.003,339,98,0.0
541.5,0.006,340,99,0.0
542.0,0.003,340,99,0.0
542.5,0.003,340,99,0.0
543.0,0.003,341,100,0.0
543.5,0.005,341,101,0.0
544.0,0.002,341,101,0.0
544.5,0.005,341,101,0.0
545.0,0.002,342,101,0.0
545.5,0.003,342,100,0.0
546.0,0.005,342,100,0.0
546.5,0.003,343,100,0.0
547.0,0.003,343,100,0.0
547.5,0.005,343,99,1.8
548.0,0.002,344,99,3.0
548.5,0.005,344,100,3.0
549.0,0.003,344,100,3.0
549.5,0.005,345,100,3.0
550.0,0.003,345,99,2.4000000000000004
550.5,0.003,345,99,2.4000000000000004
551.0,0.002,345,99,2.4000000000000004
551.5,0.003,346,99,2.4000000000000004
552.0,0.003,346,98,3.0
552.5,0.005,346,99,3.0
553.0,0.005,347,99,3.0
553.5,0.005,347,99,3.6
554.0,0.003,347,99,3.6
554.5,0.005,347,99,3.6
555.0,0.002,348,100,3.6
555.5,0.003,348,100,3.6
556.0,0.003,348,99,3.0
556.5,0.003,349,99,3.0
557.0,0.003,349,99,3.0
557.5,0.005,349,99,3.6
558.0,0.003,350,99,3.6
558.5,0.003,350,99,3.0
559.0,0.002,350,99,3.0
559.5,0.002,350,99,3.0
560.0,0.003,351,100,3.0
560.5,0.005,351,100,3.0
561.0,0.003,351,100,2.4000000000000004
561.5,0.005,352,100,2.4000000000000004
562.0,0.002,352,100,2.4000000000000004
562.5,0.003,352,100,2.4000000000000004
563.0,0.003,353,100,3.0
563.5,0.003,353,100,3.0
564.0,0.003,353,100,1.8
564.5,0.002,353,100,1.2000000000000002
565.0,0.002,354,100,1.2000000000000002
565.5,0.003,354,101,1.2000000000000002
566.0,0.003,354,100,1.2000000000000002
566.5,0.003,355,100,0.6000000000000001
567.0,0.002,355,99,0.6000000000000001
567.5,0.002,355,99,0.6000000000000001
568.0,0.002,356,98,0.6000000000000001
568.5,0.003,356,98,0.6000000000000001
569.0,0.003,356,98,0.6000000000000001
569.5,0.003,356,98,0.0
570.0,0.003,357,98,0.0
570.5,0.002,357,98,0.0
571.0,0.003,357,98,0.0
571.5,0.003,358,99,0.0
572.0,0.003,358,99,0.0
572.5,0.003,358,99,0.0
573.0,0.005,359,99,0.0
573.5,0.003,359,99,0.0
574.0,0.003,359,99,0.0
574.5,0.005,359,100,0.0
575.0,0.003,360,100,0.0
575.5,0.003,360,100,0.0
576.0,0.003,360,101,0.0
576.5,0.003,361,101,0.0
577.0,0.003,361,101,0.0
577.5,0.002,361,101,0.0
578.0,0.003,362,101,0.0
578.5,0.002,362,101,0.0
579.0,0.003,362,101,0.0
579.5,0.002,362,100,0.0
580.0,0.005,363,100,1.2000000000000002
580.5,0.003,363,100,2.4000000000000004
581.0,0.003,363,100,3.0
581.5,0.003,364,101,3.0
582.0,0.003,364,100,3.0
582.5,0.002,364,100,2.4000000000000004
583.0,0.005,365,100,2.4000000000000004
583.5,0.002,365,99,2.4000000000000004
584.0,0.003,365,99,2.4000000000000004
584.5,0.003,365,99,2.4000000000000004
585.0,0.005,366,99,3.0
585.5,0.002,366,100,3.0
586.0,0.005,366,100,3.0
586.5,0.003,367,100,3.6
587.0,0.003,367,100,3.6
587.5,0.005,367,100,3.6
588.0,0.003,368,100,3.6
588.5,0.003,368,100,3.0
589.0,0.003,368,100,3.0
589.5,0.003,369,100,3.0
590.0,0.003,369,100,3.0
590.5,0.002,369,100,3.6
591.0,0.003,369,100,3.0
591.5,0.003,370,100,3.0
592.0,0.005,370,99,3.0
592.5,0.005,370,100,3.0
593.0,0.003,371,100,3.0
593.5,0.003,371,100,2.4000000000000004
594.0,0.003,371,100,2.4000000000000004
594.5,0.002,372,100,2.4000000000000004
595.0,0.005,372,100,2.4000000000000004
595.5,0.003,372,100,3.0
596.0,0.003,372,100,3.0
596.5,0.002,373,100,1.8
597.0,0.005,373,100,1.2000000000000002
597.5,0.003,373,101,1.2000000000000002
598.0,0.005,374,101,1.2000000000000002
598.5,0.005,374,101,0.6000000000000001
599.0,0.003,374,100,0.6000000000000001
599.5,0.002,375,100,0.6000000000000001
600.0,0.003,375,99,0.6000000000000001
600.5,0.006,375,99,0.6000000000000001
601.0,0.005,375,99,0.6000000000000001
601.5,0.005,376,98,1.2000000000000002
602.0,0.003,376,98,0.0
602.5,0.003,376,98,0.0
603.0,0.006,377,98,0.0
603.5,0.003,377,99,0.0
604.0,0.005,377,99,0.0
604.5,0.005,378,99,0.0
605.0,0.002,379,99,0.0
605.5,0.003,379,99,0.0
606.0,0.005,379,100,0.0
606.5,0.003,380,100,0.0
607.0,0.003,380,101,0.0
607.5,0.003,380,101,0.0
608.0,0.003,381,101,0.0
608.5,0.002,381,101,0.0
609.0,0.006,381,101,0.0
609.5,0.002,381,100,0.0
610.0,0.003,382,100,0.0
610.5,0.003,382,100,0.0
611.0,0.002,382,100,1.2000000000000002
611.5,0.003,383,99,3.0
612.0,0.005,383,100,3.6
612.5,0.003,383,100,3.6
613.0,0.003,384,100,3.0
613.5,0.005,384,100,3.0
614.0,0.003,384,100,2.4000000000000004
614.5,0.003,384,99,2.4000000000000004
615.0,0.005,385,99,2.4000000000000004
615.5,0.002,385,99,3.0
616.0,0.003,385,99,3.0
616.5,0.005,386,100,3.0
617.0,0.005,386,100,3.0
617.5,0.003,386,100,3.6
618.0,0.005,387,100,3.6
618.5,0.003,387,100,3.6
619.0,0.003,387,100,3.0
619.5,0.002,387,100,3.0
620.0,0.003,388,100,3.0
620.5,0.003,388,100,3.0
621.0,0.005,388,100,3.0
621.5,0.003,389,100,3.6
622.0,0.005,389,100,3.0
622.5,0.003,389,99,3.0
623.0,0.003,390,100,3.0
623.5,0.002,390,100,3.0
624.0,0.005,390,100,2.4000000000000004
624.5,0.003,390,100,2.4000000000000004
625.0,0.006,391,100,2.4000000000000004
625.5,0.005,391,100,2.4000000000000004
626.0,0.003,391,100,2.4000000000000004
626.5,0.003,392,100,2.4000000000000004
627.0,0.005,392,100,3.0
627.5,0.005,392,100,1.8
628.0,0.003,393,100,1.2000000000000002
628.5,0.003,393,100,1.2000000000000002
629.0,0.003,393,101,1.2000000000000002
629.5,0.003,394,101,1.2000000000000002
630.0,0.005,394,100,0.6000000000000001
630.5,0.002,396,98,0.0
631.0,0.003,396,98,0.0
631.5,0.003,396,98,0.0
632.0,0.003,397,98,0.0
632.5,0.003,397,99,0.0
633.0,0.005,397,98,0.0
633.5,0.003,398,98,0.0
634.0,0.003,398,98,0.0
634.5,0.003,398,99,0.0
635.0,0.003,399,99,0.0
635.5,0.003,399,99,0.0
636.0,0.006,399,100,0.0
636.5,0.005,399,101,0.0
637.0,0.003,400,100,0.0
637.5,0.003,400,101,0.0
638.0,0.003,400,101,0.0
638.5,0.002,401,100,0.0
639.0,0.005,401,100,0.0
639.5,0.005,401,100,0.0
640.0,0.002,402,100,0.0
640.5,0.003,402,99,0.6000000000000001
641.0,0.003,402,99,2.4000000000000004
641.5,0.003,402,99,3.0
642.0,0.003,403,100,3.0
642.5,0.003,403,100,3.0
643.0,0.003,403,100,3.0
643.5,0.003,404,100,3.0
644.0,0.003,404,99,2.4000000000000004
644.5,0.005,404,99,2.4000000000000004
645.0,0.003,405,99,2.4000000000000004
645.5,0.003,405,99,3.0
646.0,0.005,405,99,3.0
646.5,0.003,405,100,3.0
647.0,0.003,406,100,3.6
647.5,0.003,406,100,3.6
648.0,0.005,406,100,3.6
648.5,0.005,407,101,3.6
649.0,0.005,407,100,3.0
649.5,0.003,407,100,3.0
650.0,0.003,408,100,3.0
650.5,0.003,408,100,3.0
651.0,0.003,408,100,3.0
651.5,0.003,409,100,3.0
652.0,0.005,409,99,3.0
652.5,0.005,409,100,3.6
653.0,0.003,409,100,3.0
653.5,0.005,410,100,3.0
654.0,0.002,410,100,2.4000000000000004
654.5,0.003,410,100,2.4000000000000004
655.0,0.005,411,100,2.4000000000000004
655.5,0.003,411,100,2.4000000000000004
656.0,0.003,411,100,2.4000000000000004
656.5,0.005,411,100,3.0
657.0,0.003,412,100,2.4000000000000004
657.5,0.003,412,100,1.8
658.0,0.003,412,100,1.2000000000000002
658.5,0.003,413,100,1.2000000000000002
659.0,0.002,413,100,1.2000000000000002
659.5,0.003,413,100,1.2000000000000002
660.0,0.003,414,100,1.2000000000000002
660.5,0.005,414,99,0.6000000000000001
661.0,0.005,414,99,0.6000000000000001
661.5,0.003,414,98,0.6000000000000001
662.0,0.002,415,98,1.2000000000000002
662.5,0.003,415,98,0.6000000000000001
663.0,0.002,415,98,0.0
663.5,0.005,416,98,0.0
664.0,0.005,416,98,0.0
664.5,0.005,416,98,0.0
665.0,0.003,417,99,0.0
665.5,0.006,417,98,0.0
666.0,0.003,417,98,0.0
666.5,0.005,417,99,0.0
667.0,0.005,418,98,0.0
667.5,0.005,418,99,0.0
668.0,0.005,418,100,0.0
668.5,0.005,419,99,0.0
669.0,0.003,419,100,0.0
669.5,0.003,419,101,0.0
670.0,0.003,420,101,0.0
670.5,0.005,420,101,0.0
671.0,0.003,420,101,0.0
671.5,0.005,420,100,0.0
672.0,0.003,421,100,0.0
672.5,0.003,421,100,0.0
673.0,0.005,421,100,0.0
673.5,0.005,422,99,1.8
674.0,0.003,422,100,3.0
674.5,0.005,422,100,3.0
675.0,0.003,423,100,3.0
675.5,0.005,423,100,3.0
676.0,0.003,423,100,2.4000000000000004
676.5,0.005,423,99,2.4000000000000004
677.0,0.005,424,99,2.4000000000000004
677.5,0.005,424,99,3.0
678.0,0.003,424,99,2.4000000000000004
678.5,0.005,425,99,3.0
679.0,0.003,425,100,3.0
679.5,0.005,425,100,3.0
680.0,0.003,426,100,3.6
680.5,0.005,426,100,3.6
681.0,0.005,426,99,3.6
681.5,0.003,426,100,3.0
682.0,0.003,427,100,3.0
682.5,0.003,427,100,3.0
683.0,0.005,427,100,3.0
683.5,0.003,428,99,3.0
684.0,0.005,428,100,3.6
684.5,0.005,428,99,3.0
685.0,0.003,429,99,3.0
685.5,0.003,429,99,3.0
686.0,0.005,429,100,3.0
686.5,0.003,429,100,3.0
687.0,0.006,430,100,2.4000000000000004
687.5,0.003,430,100,2.4000000000000004
688.0,0.003,430,100,2.4000000000000004
688.5,0.003,431,100,2.4000000000000004
689.0,0.005,431,100,3.0
689.5,0.003,431,100,2.4000000000000004
690.0,0.005,432,99,1.8
690.5,0.002,432,100,1.2000000000000002
691.0,0.005,432,100,1.2000000000000002
691.5,0.003,433,100,1.2000000000000002
692.0,0.005,433,100,1.2000000000000002
692.5,0.003,433,100,0.6000000000000001
693.0,0.005,433,99,0.6000000000000001
693.5,0.002,434,99,0.6000000000000001
694.0,0.002,434,98,0.6000000000000001
694.5,0.003,434,98,1.2000000000000002
695.0,0.003,435,98,0.6000000000000001
695.5,0.002,435,98,0.0
696.0,0.005,435,97,0.0
696.5,0.003,435,98,0.0
697.0,0.003,436,98,0.0
697.5,0.003,436,98,0.0
698.0,0.003,436,98,0.0
698.5,0.002,437,98,0.0
699.0,0.005,437,98,0.0
699.5,0.003,437,98,0.0
700.0,0.003,438,98,0.0
700.5,0.003,438,99,0.0
701.0,0.005,438,99,0.0
701.5,0.003,438,100,0.0
702.0,0.005,439,100,0.0
702.5,0.005,439,101,0.0
703.0,0.003,439,101,0.0
703.5,0.003,440,100,0.0
704.0,0.003,440,100,0.0
704.5,0.003,440,100,0.0
705.0,0.005,441,100,0.0
705.5,0.003,441,99,0.0
706.0,0.003,441,99,1.2000000000000002
706.5,0.003,441,99,3.0
707.0,0.003,442,99,3.0
707.5,0.003,442,100,3.6
708.0,0.003,442,100,3.0
708.5,0.003,443,100,3.0
709.0,0.003,443,99,3.0
709.5,0.003,443,99,2.4000000000000004
710.0,0.003,444,99,2.4000000000000004
710.5,0.003,444,99,2.4000000000000004
711.0,0.003,444,99,3.0
711.5,0.003,444,99,3.0
712.0,0.002,445,100,3.6
712.5,0.005,445,100,3.6
713.0,0.005,445,100,3.6
713.5,0.003,446,100,3.6
714.0,0.003,446,100,3.6
714.5,0.005,446,100,3.0
715.0,0.003,447,100,3.0
715.5,0.002,447,100,3.0
716.0,0.003,447,100,3.0
716.5,0.003,447,100,3.6
717.0,0.002,448,100,3.0
717.5,0.005,448,99,3.0
718.0,0.002,448,99,3.0
718.5,0.003,449,99,3.0
719.0,0.003,449,100,3.0
719.5,0.003,449,101,2.4000000000000004
720.0,0.003,450,100,2.4000000000000004
720.5,0.002,450,100,2.4000000000000004
721.0,0.002,450,100,2.4000000000000004
721.5,0.003,450,100,2.4000000000000004
722.0,0.003,451,100,3.0
722.5,0.003,451,100,2.4000000000000004
723.0,0.002,451,100,1.2000000000000002
723.5,0.003,452,100,1.2000000000000002
724.0,0.002,452,101,1.2000000000000002
724.5,0.003,452,100,1.2000000000000002
725.0,0.002,453,100,0.6000000000000001
725.5,0.003,453,99,1.2000000000000002
726.0,0.003,453,99,0.6000000000000001
726.5,0.002,454,98,0.6000000000000001
727.0,0.003,454,98,1.2000000000000002
727.5,0.003,454,98,0.0
728.0,0.003,455,98,0.0
728.5,0.003,455,98,0.0
729.0,0.003,455,98,0.0
729.5,0.003,456,98,0.0
730.0,0.005,456,99,0.0
730.5,0.003,456,98,0.0
731.0,0.003,456,99,0.0
731.5,0.003,457,98,0.0
732.0,0.003,457,98,0.0
732.5,0.003,457,99,0.0
733.0,0.005,458,100,0.0
733.5,0.003,458,99,0.0
734.0,0.003,458,101,0.0
734.5,0.003,459,101,0.0
735.0,0.003,459,101,0.0
735.5,0.002,459,101,0.0
736.0,0.005,459,100,0.0
736.5,0.003,460,100,0.0
737.0,0.002,460,100,0.0
737.5,0.002,460,100,0.0
738.0,0.003,461,100,1.2000000000000002
738.5,0.002,461,99,2.4000000000000004
739.0,0.005,461,99,3.0
739.5,0.005,462,100,3.0
740.0,0.003,462,100,3.0
740.5,0.003,462,100,3.0
741.0,0.003,462,100,2.4000000000000004
741.5,0.002,463,99,2.4000000000000004
742.0,0.005,463,99,2.4000000000000004
742.5,0.005,463,99,2.4000000000000004
743.0,0.003,464,99,3.0
743.5,0.002,464,99,3.0
744.0,0.005,464,100,3.0
744.5,0.002,465,100,3.6
745.0,0.005,465,100,3.6
745.5,0.003,465,100,3.6
746.0,0.002,465,100,3.6
746.5,0.002,466,100,3.0
747.0,0.003,466,100,3.0
747.5,0.002,466,100,3.0
748.0,0.005,467,100,3.0
748.5,0.003,467,100,3.6
749.0,0.002,467,100,3.0
749.5,0.003,468,99,3.6
750.0,0.003,468,99,3.0
750.5,0.002,468,100,3.0
751.0,0.005,468,100,3.0
751.5,0.005,469,100,2.4000000000000004
752.0,0.002,469,100,2.4000000000000004
752.5,0.003,469,100,2.4000000000000004
753.0,0.005,470,100,2.4000000000000004
753.5,0.002,470,100,2.4000000000000004
754.0,0.003,470,100,3.0
754.5,0.005,471,100,2.4000000000000004
755.0,0.003,471,100,1.2000000000000002
755.5,0.005,471,100,1.2000000000000002
756.0,0.005,472,101,1.2000000000000002
756.5,0.003,472,101,1.2000000000000002
757.0,0.003,472,101,0.6000000000000001
757.5,0.005,472,100,0.6000000000000001
758.0,0.002,473,99,0.6000000000000001
758.5,0.003,473,99,0.6000000000000001
759.0,0.003,473,99,0.6000000000000001
759.5,0.003,474,98,0.6000000000000001
760.0,0.003,474,98,0.6000000000000001
760.5,0.005,474,98,0.0
761.0,0.003,474,98,0.0
761.5,0.003,475,98,0.0
762.0,0.002,475,98,0.0
762.5,0.003,475,99,0.0
763.0,0.003,476,98,0.0
763.5,0.003,476,98,0.0
764.0,0.002,476,98,0.0
764.5,0.003,477,98,0.0
765.0,0.003,477,99,0.0
765.5,0.002,477,100,0.0
766.0,0.002,477,99,0.0
766.5,0.003,478,100,0.0
767.0,0.002,478,101,0.0
767.5,0.003,478,101,0.0
768.0,0.002,479,101,0.0
768.5,0.003,479,101,0.0
769.0,0.003,479,100,0.0
769.5,0.005,480,100,0.0
770.0,0.0,480,100,0.0
770.5,0.003,480,100,0.6000000000000001
771.0,0.003,480,99,1.8
771.5,0.003,481,100,3.0
772.0,0.002,481,100,3.0
772.5,0.005,481,101,3.6
773.0,0.003,482,100,3.0
773.5,0.005,482,100,2.4000000000000004
774.0,0.003,482,99,2.4000000000000004
774.5,0.003,483,99,2.4000000000000004
775.0,0.003,483,99,2.4000000000000004
775.5,0.003,483,99,3.0
776.0,0.003,483,99,3.0
776.5,0.005,484,100,3.0
777.0,0.005,484,100,3.0
777.5,0.003,484,100,3.6
778.0,0.003,485,100,3.6
778.5,0.006,485,100,3.6
779.0,0.003,485,100,3.0
779.5,0.002,486,100,3.0
780.0,0.003,486,100,3.0
780.5,0.003,486,100,3.0
781.0,0.002,486,100,3.6
781.5,0.005,487,100,3.0
782.0,0.003,487,100,3.0
782.5,0.003,487,99,3.0
783.0,0.003,488,100,3.0
783.5,0.002,488,100,3.0
784.0,0.002,488,100,2.4000000000000004
784.5,0.003,489,100,2.4000000000000004
785.0,0.005,489,100,2.4000000000000004
785.5,0.002,489,100,2.4000000000000004
786.0,0.003,490,100,2.4000000000000004
786.5,0.002,490,100,2.4000000000000004
787.0,0.003,490,100,2.4000000000000004
787.5,0.003,490,100,1.8
788.0,0.003,491,100,1.2000000000000002
788.5,0.003,491,100,1.2000000000000002
789.0,0.003,491,101,1.2000000000000002
789.5,0.002,492,100,0.6000000000000001
790.0,0.002,492,100,0.6000000000000001
790.5,0.005,492,99,0.6000000000000001
791.0,0.003,492,99,0.6000000000000001
791.5,0.002,493,98,0.6000000000000001
792.0,0.003,493,98,0.6000000000000001
792.5,0.002,493,98,0.6000000000000001
793.0,0.002,494,98,0.0
793.5,0.002,494,98,0.0
794.0,0.003,494,98,0.0
794.5,0.002,495,98,0.0
795.0,0.003,495,99,0.0
795.5,0.002,495,99,0.0
796.0,0.003,496,98,0.0
796.5,0.002,496,99,0.0
797.0,0.003,496,99,0.0
797.5,0.003,496,99,0.0
798.0,0.005,497,100,0.0
798.5,0.002,497,99,0.0
799.0,0.003,497,100,0.0
799.5,0.003,498,101,0.0
800.0,0.005,498,101,0.0
800.5,0.005,498,101,0.0
801.0,0.005,498,101,0.0
801.5,0.002,499,100,0.0
802.0,0.003,499,100,0.0
802.5,0.003,499,100,0.0
803.0,0.003,500,100,0.0
803.5,0.003,500,99,1.8
804.0,0.005,500,99,3.0
804.5,0.003,501,100,3.6
805.0,0.005,501,100,3.6
805.5,0.003,501,100,3.0
806.0,0.005,501,100,3.0
806.5,0.005,502,99,3.0
807.0,0.005,502,99,2.4000000000000004
807.5,0.005,502,99,2.4000000000000004
808.0,0.003,503,99,3.0
808.5,0.003,503,99,3.0
809.0,0.005,503,99,3.6
809.5,0.005,504,100,3.6
810.0,0.005,504,100,3.6
810.5,0.005,504,100,3.6
811.0,0.005,505,100,3.6
811.5,0.003,505,100,3.6
812.0,0.003,505,100,3.0
812.5,0.003,505,100,3.0
813.0,0.005,506,100,3.0
813.5,0.003,506,100,3.0
814.0,0.006,506,100,3.6
814.5,0.005,507,100,3.0
815.0,0.003,507,100,3.0
815.5,0.003,507,100,3.0
816.0,0.005,507,100,3.0
816.5,0.003,508,100,3.0
817.0,0.005,508,100,3.0
817.5,0.006,508,100,2.4000000000000004
818.0,0.003,509,100,2.4000000000000004
818.5,0.003,509,100,2.4000000000000004
819.0,0.005,509,100,3.0
819.5,0.003,510,100,3.0
820.0,0.003,510,100,1.8
820.5,0.005,510,100,1.2000000000000002
821.0,0.005,511,100,1.2000000000000002
821.5,0.003,511,101,1.2000000000000002
822.0,0.006,511,100,0.6000000000000001
822.5,0.003,511,100,0.6000000000000001
823.0,0.003,512,99,0.6000000000000001
823.5,0.005,512,99,0.6000000000000001
824.0,0.003,512,98,0.6000000000000001
824.5,0.003,513,98,0.6000000000000001
825.0,0.006,513,98,1.2000000000000002
825.5,0.003,513,98,0.0
826.0,0.003,514,98,0.0
826.5,0.005,514,98,0.0
827.0,0.005,514,98,0.0
827.5,0.003,514,98,0.0
828.0,0.005,515,98,0.0
828.5,0.005,515,98,0.0
829.0,0.003,515,98,0.0
829.5,0.003,516,98,0.0
830.0,0.003,516,99,0.0
830.5,0.005,516,99,0.0
831.0,0.005,516,99,0.0
831.5,0.003,517,99,0.0
832.0,0.005,517,100,0.0
832.5,0.003,517,101,0.0
833.0,0.002,518,101,0.0
833.5,0.005,518,101,0.0
834.0,0.005,518,100,0.0
834.5,0.005,519,100,0.0
835.0,0.003,519,100,0.0
835.5,0.005,519,100,0.0
836.0,0.003,520,99,1.2000000000000002
836.5,0.005,520,99,2.4000000000000004
837.0,0.005,520,100,3.0
837.5,0.005,520,100,3.6
838.0,0.003,521,100,3.0
838.5,0.005,521,100,3.0
839.0,0.003,521,100,2.4000000000000004
839.5,0.005,522,99,2.4000000000000004
840.0,0.003,522,99,2.4000000000000004
840.5,0.006,522,99,2.4000000000000004
841.0,0.003,522,99,3.0
841.5,0.006,523,99,3.6
842.0,0.003,523,100,3.0
842.5,0.006,523,99,3.6
843.0,0.005,524,100,3.6
843.5,0.005,524,100,3.6
844.0,0.003,524,100,3.6
844.5,0.008,525,100,3.0
845.0,0.003,525,100,3.0
845.5,0.005,525,99,3.0
846.0,0.005,525,99,3.0
846.5,0.003,526,100,3.6
847.0,0.005,526,99,3.0
847.5,0.006,526,99,3.0
848.0,0.005,527,100,3.0
848.5,0.005,527,100,3.0
849.0,0.005,527,100,3.0
849.5,0.005,528,100,2.4000000000000004
850.0,0.003,528,100,2.4000000000000004
850.5,0.006,528,100,2.4000000000000004
851.0,0.005,529,100,2.4000000000000004
851.5,0.003,529,100,2.4000000000000004
852.0,0.005,529,100,3.0
852.5,0.005,529,100,2.4000000000000004
853.0,0.005,530,100,1.8
853.5,0.006,530,100,1.2000000000000002
854.0,0.006,530,101,1.2000000000000002
854.5,0.003,531,101,1.2000000000000002
855.0,0.006,531,100,0.6000000000000001
855.5,0.005,531,99,0.6000000000000001
856.0,0.005,531,99,0.6000000000000001
856.5,0.006,532,99,0.6000000000000001
857.0,0.005,532,98,0.6000000000000001
857.5,0.003,532,98,0.6000000000000001
858.0,0.006,533,98,0.0
858.5,0.003,533,98,0.0
859.0,0.005,533,98,0.0
859.5,0.005,534,98,0.0
860.0,0.005,534,98,0.0
860.5,0.005,534,98,0.0
861.0,0.006,535,98,0.0
861.5,0.005,535,98,0.0
862.0,0.006,535,98,0.0
862.5,0.006,535,98,0.0
863.0,0.006,536,99,0.0
863.5,0.005,536,99,0.0
864.0,0.006,536,99,0.0
864.5,0.005,537,100,0.0
865.0,0.006,537,101,0.0
865.5,0.005,537,101,0.0
866.0,0.006,537,101,0.0
866.5,0.005,538,101,0.0
867.0,0.005,539,99,1.8
867.5,0.003,540,100,3.0
868.0,0.006,540,100,3.0
868.5,0.005,540,100,3.0
869.0,0.005,540,100,3.0
869.5,0.005,541,100,2.4000000000000004
870.0,0.006,541,99,2.4000000000000004
870.5,0.003,541,99,2.4000000000000004
871.0,0.008,542,99,2.4000000000000004
871.5,0.006,542,99,2.4000000000000004
872.0,0.006,542,99,3.0
872.5,0.006,543,100,3.0
873.0,0.006,543,100,3.6
873.5,0.005,543,100,3.6
874.0,0.006,543,100,3.6
874.5,0.006,544,100,3.6
875.0,0.005,544,101,3.0
875.5,0.005,544,100,3.0
876.0,0.008,545,100,3.0
876.5,0.003,545,100,3.0
877.0,0.008,545,100,3.0
877.5,0.008,546,100,3.0
878.0,0.005,546,100,3.0
878.5,0.006,546,100,3.0
879.0,0.006,546,99,3.0
879.5,0.005,547,100,3.0
880.0,0.01,547,101,2.4000000000000004
880.5,0.008,547,100,2.4000000000000004
881.0,0.006,548,100,2.4000000000000004
881.5,0.006,548,100,2.4000000000000004
882.0,0.006,548,100,2.4000000000000004
882.5,0.005,549,100,2.4000000000000004
883.0,0.01,549,100,2.4000000000000004
883.5,0.006,549,100,1.8
884.0,0.005,550,100,1.2000000000000002
884.5,0.006,550,100,1.2000000000000002
885.0,0.008,550,101,1.2000000000000002
885.5,0.006,550,100,0.6000000000000001
886.0,0.008,551,100,0.6000000000000001
886.5,0.006,551,99,0.6000000000000001
887.0,0.005,551,99,0.6000000000000001
887.5,0.006,552,98,0.6000000000000001
888.0,0.008,552,98,0.6000000000000001
888.5,0.005,552,98,0.6000000000000001
889.0,0.01,553,98,0.0
889.5,0.006,553,98,0.0
890.0,0.006,553,98,0.0
890.5,0.008,553,98,0.0
891.0,0.006,554,98,0.0
891.5,0.005,554,98,0.0
892.0,0.005,554,98,0.0
892.5,0.006,555,98,0.0
893.0,0.005,555,98,0.0
893.5,0.006,555,98,0.0
894.0,0.01,555,99,0.0
894.5,0.006,556,99,0.0
895.0,0.006,556,99,0.0
895.5,0.008,556,100,0.0
896.0,0.006,557,101,0.0
896.5,0.006,557,101,0.0
897.0,0.008,557,101,0.0
897.5,0.006,558,100,0.0
898.0,0.006,558,100,0.0
898.5,0.006,558,100,0.0
899.0,0.006,559,100,0.0
899.5,0.006,559,99,1.8
900.0,0.008,559,99,3.0
900.5,0.006,559,100,3.0
901.0,0.005,560,100,3.0
901.5,0.006,560,100,3.0
902.0,0.006,560,100,3.0
902.5,0.006,561,99,2.4000000000000004
903.0,0.008,561,99,2.4000000000000004
903.5,0.006,561,99,2.4000000000000004
904.0,0.005,561,99,2.4000000000000004
904.5,0.008,562,99,3.0
905.0,0.005,562,100,3.0
905.5,0.008,562,100,3.6
906.0,0.008,563,100,3.6
906.5,0.006,563,100,3.6
907.0,0.006,563,100,3.6
907.5,0.008,564,100,3.0
908.0,0.006,564,100,3.0
908.5,0.008,564,100,3.0
909.0,0.008,564,100,3.0
909.5,0.006,565,100,3.0
910.0,0.006,565,100,3.6
910.5,0.01,565,100,3.0
911.0,0.006,566,99,3.0
911.5,0.008,566,99,3.0
912.0,0.006,566,100,3.0
912.5,0.006,567,100,3.0
913.0,0.006,567,100,2.4000000000000004
913.5,0.008,567,101,2.4000000000000004
914.0,0.005,568,100,2.4000000000000004
914.5,0.006,568,100,3.0
915.0,0.006,568,100,2.4000000000000004
915.5,0.008,568,100,2.4000000000000004
916.0,0.006,569,100,1.8
916.5,0.008,569,100,1.2000000000000002
917.0,0.006,569,100,1.2000000000000002
917.5,0.006,570,101,0.6000000000000001
918.0,0.006,570,101,0.6000000000000001
918.5,0.005,570,100,0.6000000000000001
919.0,0.006,571,100,0.6000000000000001
919.5,0.006,571,99,0.6000000000000001
920.0,0.006,571,99,0.6000000000000001
920.5,0.006,571,98,0.6000000000000001
921.0,0.006,572,98,0.6000000000000001
921.5,0.005,572,98,0.0
922.0,0.008,572,98,0.0
922.5,0.006,573,98,0.0
923.0,0.006,573,98,0.0
923.5,0.005,573,99,0.0
924.0,0.006,574,99,0.0
924.5,0.006,574,98,0.0
925.0,0.006,574,98,0.0
925.5,0.006,574,98,0.0
926.0,0.006,575,99,0.0
926.5,0.005,575,99,0.0
927.0,0.006,575,99,0.0
927.5,0.005,576,100,0.0
928.0,0.005,576,100,0.0
928.5,0.006,576,101,0.0
929.0,0.006,577,101,0.0
929.5,0.006,577,101,0.0
930.0,0.008,577,100,0.0
930.5,0.006,577,100,0.0
931.0,0.006,578,100,0.0
931.5,0.005,578,100,0.0
932.0,0.005,578,99,1.2000000000000002
932.5,0.005,579,99,2.4000000000000004
933.0,0.008,579,99,3.0
933.5,0.005,579,100,3.0
934.0,0.006,579,100,3.0
934.5,0.006,580,100,3.0
935.0,0.006,580,100,2.4000000000000004
935.5,0.005,580,99,2.4000000000000004
936.0,0.006,581,99,2.4000000000000004
936.5,0.006,581,99,3.0
937.0,0.01,581,99,3.0
937.5,0.006,582,99,3.0
938.0,0.006,582,99,3.0
938.5,0.005,582,100,3.6
939.0,0.006,583,100,3.6
939.5,0.006,583,100,3.6
940.0,0.006,583,100,3.6
940.5,0.006,583,100,3.0
941.0,0.006,584,100,3.0
941.5,0.006,584,100,3.0
942.0,0.008,584,100,3.0
942.5,0.006,585,100,3.6
943.0,0.006,585,99,3.0
943.5,0.006,585,99,3.0
944.0,0.006,585,100,3.0
944.5,0.006,586,100,3.0
945.0,0.008,586,100,3.0
945.5,0.006,586,101,2.4000000000000004
946.0,0.01,587,100,2.4000000000000004
946.5,0.008,587,100,2.4000000000000004
947.0,0.008,587,101,2.4000000000000004
947.5,0.006,588,100,2.4000000000000004
948.0,0.008,588,100,3.0
948.5,0.005,588,100,2.4000000000000004
949.0,0.008,589,100,1.2000000000000002
949.5,0.005,589,100,1.2000000000000002
950.0,0.006,589,101,0.6000000000000001
950.5,0.008,589,101,0.6000000000000001
951.0,0.006,590,100,0.6000000000000001
951.5,0.005,590,100,0.6000000000000001
952.0,0.006,590,99,0.6000000000000001
952.5,0.006,591,99,0.6000000000000001
953.0,0.006,591,98,0.6000000000000001
953.5,0.006,591,98,0.6000000000000001
954.0,0.008,592,98,0.0
954.5,0.006,592,98,0.0
955.0,0.006,592,98,0.0
955.5,0.006,592,98,0.0
956.0,0.008,593,98,0.0
956.5,0.008,593,99,0.0
957.0,0.01,593,98,0.0
957.5,0.006,594,98,0.0
958.0,0.006,594,98,0.0
958.5,0.006,594,98,0.0
959.0,0.01,594,99,0.0
959.5,0.006,595,99,0.0
960.0,0.01,595,99,0.0
960.5,0.006,595,100,0.0
961.0,0.006,596,100,0.0
961.5,0.005,596,101,0.0
962.0,0.008,596,101,0.0
962.5,0.006,597,100,0.0
963.0,0.008,597,100,0.0
963.5,0.008,597,100,0.0
964.0,0.005,598,100,0.0
964.5,0.006,598,99,0.6000000000000001
965.0,0.008,598,99,1.8
965.5,0.006,598,99,3.0
966.0,0.006,599,100,3.0
966.5,0.008,599,100,3.0
967.0,0.006,599,99,3.0
967.5,0.006,600,99,2.4000000000000004
968.0,0.006,600,99,2.4000000000000004
968.5,0.008,600,99,2.4000000000000004
969.0,0.006,600,98,2.4000000000000004
969.5,0.008,601,98,3.0
970.0,0.006,601,99,3.0
970.5,0.008,601,99,3.0
971.0,0.006,602,99,3.6
971.5,0.006,602,99,3.6
972.0,0.006,602,100,3.6
972.5,0.008,603,100,3.6
973.0,0.006,603,100,3.0
973.5,0.006,603,100,3.0
974.0,0.006,603,100,3.0
974.5,0.008,604,99,3.0
975.0,0.006,604,100,3.6
975.5,0.008,604,100,3.0
976.0,0.006,605,100,3.0
976.5,0.008,605,99,3.0
977.0,0.006,605,100,3.0
977.5,0.008,606,100,3.0
978.0,0.006,606,100,2.4000000000000004
978.5,0.008,606,100,2.4000000000000004
979.0,0.006,607,100,2.4000000000000004
979.5,0.006,607,100,2.4000000000000004
980.0,0.006,607,101,2.4000000000000004
980.5,0.008,607,100,3.0
981.0,0.008,608,100,2.4000000000000004
981.5,0.008,608,100,1.8
982.0,0.006,608,100,1.2000000000000002
982.5,0.01,609,100,1.2000000000000002
983.0,0.008,609,101,1.2000000000000002
983.5,0.006,609,100,0.6000000000000001
984.0,0.008,610,100,0.6000000000000001
984.5,0.008,610,99,1.2000000000000002
985.0,0.008,610,99,0.6000000000000001
985.5,0.008,610,98,0.6000000000000001
986.0,0.006,611,98,0.6000000000000001
986.5,0.008,611,98,0.0
987.0,0.008,611,98,0.0
987.5,0.008,612,98,0.0
988.0,0.008,612,98,0.0
988.5,0.008,612,98,0.0
989.0,0.006,613,99,0.0
989.5,0.008,613,99,0.0
990.0,0.006,613,98,0.0
990.5,0.008,613,99,0.0
991.0,0.006,614,98,0.0
991.5,0.008,614,99,0.0
992.0,0.008,614,99,0.0
992.5,0.008,615,99,0.0
993.0,0.006,615,99,0.0
993.5,0.01,615,101,0.0
994.0,0.006,615,101,0.0
994.5,0.008,616,101,0.0
995.0,0.008,616,101,0.0
995.5,0.008,616,100,0.0
996.0,0.008,617,100,0.0
996.5,0.008,617,100,0.0
997.0,0.006,617,100,0.0
997.5,0.006,618,99,1.8
998.0,0.006,618,99,3.0
998.5,0.01,618,100,3.0
999.0,0.006,618,100,3.0
999.5,0.008,619,100,3.0
1000.0,0.008,619,100,3.0
1000.5,0.008,619,99,2.4000000000000004
1001.0,0.006,620,99,2.4000000000000004
1001.5,0.008,620,99,2.4000000000000004
1002.0,0.008,620,99,3.0
1002.5,0.01,621,99,3.0
1003.0,0.008,621,99,3.0
1003.5,0.008,621,100,3.6
1004.0,0.008,622,100,3.6
1004.5,0.006,622,100,3.6
1005.0,0.008,622,100,3.6
1005.5,0.006,622,100,3.0
1006.0,0.006,623,100,3.0
1006.5,0.008,623,100,3.0
1007.0,0.008,623,100,3.0
1007.5,0.006,624,100,3.6
1008.0,0.008,624,99,3.6
1008.5,0.006,624,100,3.0
1009.0,0.006,625,100,3.0
1009.5,0.008,625,100,3.0
1010.0,0.006,625,100,3.0
1010.5,0.005,625,100,2.4000000000000004
1011.0,0.006,626,100,2.4000000000000004
1011.5,0.011,626,101,2.4000000000000004
1012.0,0.006,626,100,2.4000000000000004
1012.5,0.006,627,101,2.4000000000000004
1013.0,0.006,627,100,3.0
1013.5,0.005,627,100,2.4000000000000004
1014.0,0.01,628,100,1.8
1014.5,0.006,628,100,1.2000000000000002
1015.0,0.006,628,101,1.2000000000000002
1015.5,0.008,628,101,1.2000000000000002
1016.0,0.006,629,101,0.6000000000000001
1016.5,0.005,629,100,0.6000000000000001
1017.0,0.008,629,100,0.6000000000000001
1017.5,0.006,630,99,0.6000000000000001
1018.0,0.005,630,99,0.6000000000000001
1018.5,0.008,630,98,0.6000000000000001
1019.0,0.006,631,98,0.6000000000000001
1019.5,0.005,631,98,0.0
1020.0,0.01,631,98,0.0
1020.5,0.006,631,98,0.0
1021.0,0.006,632,98,0.0
1021.5,0.008,632,99,0.0
1022.0,0.008,632,99,0.0
1022.5,0.005,633,98,0.0
1023.0,0.008,633,99,0.0
1023.5,0.006,633,98,0.0
1024.0,0.005,633,99,0.0
1024.5,0.008,634,99,0.0
1025.0,0.006,634,99,0.0
1025.5,0.005,634,99,0.0
1026.0,0.008,635,100,0.0
1026.5,0.006,635,101,0.0
1027.0,0.006,635,101,0.0
1027.5,0.008,636,101,0.0
1028.0,0.006,636,100,0.0
1028.5,0.005,636,100,0.0
1029.0,0.008,637,100,0.0
1029.5,0.005,637,100,0.0
1030.0,0.006,637,99,1.2000000000000002
1030.5,0.005,637,99,3.0
1031.0,0.006,638,100,3.6
1031.5,0.005,638,100,3.6
1032.0,0.006,638,100,3.0
1032.5,0.008,639,100,3.0
1033.0,0.005,639,99,2.4000000000000004
1033.5,0.005,639,99,2.4000000000000004
1034.0,0.005,640,99,2.4000000000000004
1034.5,0.005,640,99,3.0
1035.0,0.006,640,99,3.0
1035.5,0.006,640,99,3.0
1036.0,0.005,641,100,3.0
1036.5,0.005,641,100,3.6
1037.0,0.005,641,100,3.6
1037.5,0.006,642,100,3.6
1038.0,0.006,642,100,3.6
1038.5,0.006,642,100,3.0
1039.0,0.005,642,100,3.0
1039.5,0.006,643,100,3.0
1040.0,0.005,643,100,3.6
1040.5,0.005,643,99,3.6
1041.0,0.006,644,100,3.0
1041.5,0.005,644,100,3.0
1042.0,0.005,644,100,3.0
1042.5,0.005,645,100,3.0
1043.0,0.005,645,100,3.0
1043.5,0.003,645,100,2.4000000000000004
1044.0,0.006,646,100,2.4000000000000004
1044.5,0.008,646,100,2.4000000000000004
1045.0,0.003,646,100,2.4000000000000004
1045.5,0.008,646,100,3.0
1046.0,0.005,647,100,3.0
1046.5,0.005,647,100,1.8
1047.0,0.005,647,100,1.8
1047.5,0.005,648,101,1.2000000000000002
1048.0,0.005,648,101,1.2000000000000002
1048.5,0.005,648,101,1.2000000000000002
1049.0,0.003,649,100,0.6000000000000001
1049.5,0.003,649,100,0.6000000000000001
1050.0,0.003,649,99,0.6000000000000001
1050.5,0.008,649,99,0.6000000000000001
1051.0,0.003,650,98,0.6000000000000001
1051.5,0.005,650,98,1.2000000000000002
1052.0,0.005,650,98,0.0
1052.5,0.003,651,98,0.0
1053.0,0.003,651,98,0.0
1053.5,0.006,651,98,0.0
1054.0,0.005,652,98,0.0
1054.5,0.005,652,99,0.0
1055.0,0.005,652,98,0.0
1055.5,0.003,652,98,0.0
1056.0,0.003,653,98,0.0
1056.5,0.005,653,98,0.0
1057.0,0.003,653,99,0.0
1057.5,0.005,654,99,0.0
1058.0,0.005,654,99,0.0
1058.5,0.005,654,100,0.0
1059.0,0.006,655,100,0.0
1059.5,0.003,655,101,0.0
1060.0,0.003,655,101,0.0
1060.5,0.005,655,100,0.0
1061.0,0.005,656,100,0.0
1061.5,0.005,656,100,0.0
1062.0,0.003,656,100,0.0
1062.5,0.005,657,99,1.2000000000000002
1063.0,0.003,657,99,2.4000000000000004
1063.5,0.005,657,99,3.0
1064.0,0.005,657,100,3.6
1064.5,0.005,658,100,3.6
1065.0,0.003,658,100,3.0
1065.5,0.005,658,99,3.0
1066.0,0.003,659,99,2.4000000000000004
1066.5,0.006,659,99,2.4000000000000004
1067.0,0.005,659,98,3.0
1067.5,0.005,660,98,3.0
1068.0,0.005,660,99,3.6
1068.5,0.005,660,99,3.0
1069.0,0.005,661,99,3.6
1069.5,0.006,661,99,3.6
1070.0,0.003,661,100,3.6
1070.5,0.003,661,100,3.6
1071.0,0.003,662,100,3.0
1071.5,0.003,662,99,3.0
1072.0,0.003,662,99,3.0
1072.5,0.005,663,99,3.0
1073.0,0.003,663,99,3.6
1073.5,0.003,663,99,3.6
1074.0,0.003,663,99,3.0
1074.5,0.003,664,100,3.6
1075.0,0.003,664,100,3.0
1075.5,0.005,664,100,3.0
1076.0,0.005,665,100,3.0
1076.5,0.003,665,100,2.4000000000000004
1077.0,0.002,665,100,2.4000000000000004
1077.5,0.002,666,100,2.4000000000000004
1078.0,0.003,666,100,2.4000000000000004
1078.5,0.003,666,100,3.0
1079.0,0.005,666,100,2.4000000000000004
1079.5,0.002,667,100,1.2000000000000002
1080.0,0.003,667,100,1.2000000000000002
1080.5,0.003,667,101,0.6000000000000001
1081.0,0.005,668,101,0.6000000000000001
1081.5,0.003,668,100,0.6000000000000001
1082.0,0.003,668,100,0.6000000000000001
1082.5,0.002,669,99,0.6000000000000001
1083.0,0.003,669,99,0.6000000000000001
1083.5,0.002,669,98,0.6000000000000001
1084.0,0.003,670,98,0.6000000000000001
1084.5,0.003,670,98,0.6000000000000001
1085.0,0.005,670,98,0.0
1085.5,0.002,670,98,0.0
1086.0,0.002,671,98,0.0
1086.5,0.002,671,99,0.0
1087.0,0.005,671,99,0.0
1087.5,0.003,672,99,0.0
1088.0,0.005,672,99,0.0
1088.5,0.002,672,99,0.0
1089.0,0.003,672,99,0.0
1089.5,0.003,673,99,0.0
1090.0,0.005,673,100,0.0
1090.5,0.003,673,99,0.0
1091.0,0.005,674,100,0.0
1091.5,0.003,674,101,0.0
1092.0,0.005,674,101,0.0
1092.5,0.003,675,101,0.0
1093.0,0.005,675,101,0.0
1093.5,0.003,675,100,0.0
1094.0,0.003,676,100,0.0
1094.5,0.002,676,100,0.0
1095.0,0.003,676,100,0.0
1095.5,0.002,676,99,1.8
1096.0,0.002,677,99,3.0
1096.5,0.003,677,100,3.0
1097.0,0.003,677,100,3.0
1097.5,0.003,678,100,3.0
1098.0,0.006,678,100,2.4000000000000004
1098.5,0.003,678,99,2.4000000000000004
1099.0,0.005,679,99,2.4000000000000004
1099.5,0.002,679,99,2.4000000000000004
1100.0,0.005,679,99,2.4000000000000004
1100.5,0.003,679,99,3.0
1101.0,0.003,680,99,3.0
1101.5,0.003,680,99,3.6
1102.0,0.005,680,99,3.6
1102.5,0.003,681,100,3.6
1103.0,0.003,681,100,3.6
1103.5,0.005,681,99,3.0
1104.0,0.003,682,99,3.0
1104.5,0.002,682,99,3.0
1105.0,0.003,682,99,3.6
1105.5,0.002,683,99,3.6
1106.0,0.003,683,99,3.0
1106.5,0.003,683,99,3.0
1107.0,0.003,684,99,3.0
1107.5,0.002,684,100,3.0
1108.0,0.003,684,100,3.0
1108.5,0.003,685,100,2.4000000000000004
1109.0,0.003,685,100,2.4000000000000004
1109.5,0.003,685,100,2.4000000000000004
1110.0,0.003,685,100,3.0
1110.5,0.003,686,100,3.0
1111.0,0.003,686,100,3.0
1111.5,0.002,686,100,1.8
1112.0,0.003,687,100,1.2000000000000002
1112.5,0.002,687,100,1.2000000000000002
1113.0,0.003,687,101,1.2000000000000002
1113.5,0.003,688,100,1.2000000000000002
1114.0,0.003,688,100,0.6000000000000001
1114.5,0.003,688,100,0.6000000000000001
1115.0,0.003,688,99,0.6000000000000001
1115.5,0.002,689,99,0.6000000000000001
1116.0,0.005,689,98,0.6000000000000001
1116.5,0.002,689,98,0.6000000000000001
1117.0,0.003,690,98,0.0
1117.5,0.003,690,98,0.0
1118.0,0.003,690,98,0.0
1118.5,0.003,691,98,0.0
1119.0,0.005,691,99,0.0
1119.5,0.005,691,99,0.0
1120.0,0.005,691,98,0.0
1120.5,0.005,692,99,0.0
1121.0,0.005,692,99,0.0
1121.5,0.003,692,99,0.0
1122.0,0.003,693,99,0.0
1122.5,0.003,693,100,0.0
1123.0,0.005,693,100,0.0
1123.5,0.005,694,101,0.0
1124.0,0.003,694,101,0.0
1124.5,0.003,694,101,0.0
1125.0,0.003,694,101,0.0
1125.5,0.003,695,101,0.0
1126.0,0.005,695,100,0.0
1126.5,0.003,695,100,0.0
1127.0,0.003,696,100,0.0
1127.5,0.006,696,100,1.2000000000000002
1128.0,0.003,696,99,2.4000000000000004
1128.5,0.005,696,100,3.0
1129.0,0.003,697,100,3.0
1129.5,0.003,697,100,3.0
1130.0,0.005,697,100,3.0
1130.5,0.003,698,99,2.4000000000000004
1131.0,0.005,698,99,2.4000000000000004
1131.5,0.003,698,99,2.4000000000000004
1132.0,0.005,699,99,3.0
1132.5,0.005,699,99,3.0
1133.0,0.005,699,99,3.6
1133.5,0.005,700,99,3.6
1134.0,0.003,700,99,3.6
1134.5,0.002,700,100,3.6
1135.0,0.005,700,100,3.6
1135.5,0.005,701,100,3.6
1136.0,0.005,701,100,3.0
1136.5,0.005,701,100,3.0
1137.0,0.006,702,100,3.0
1137.5,0.003,702,100,3.6
1138.0,0.003,702,100,3.6
1138.5,0.003,702,99,3.0
1139.0,0.003,703,99,3.0
1139.5,0.003,703,100,3.0
1140.0,0.006,703,100,3.0
1140.5,0.006,704,100,3.0
1141.0,0.005,704,101,3.0
1141.5,0.005,704,100,2.4000000000000004
1142.0,0.003,705,100,2.4000000000000004
1142.5,0.005,705,100,2.4000000000000004
1143.0,0.005,705,100,3.0
1143.5,0.003,705,100,3.0
1144.0,0.005,706,100,2.4000000000000004
1144.5,0.005,706,100,1.2000000000000002
1145.0,0.005,706,100,1.2000000000000002
1145.5,0.005,707,101,1.2000000000000002
1146.0,0.003,707,101,1.2000000000000002
1146.5,0.003,707,100,0.6000000000000001
1147.0,0.003,708,100,0.6000000000000001
1147.5,0.005,708,99,1.2000000000000002
1148.0,0.002,708,99,0.6000000000000001
1148.5,0.003,709,98,0.6000000000000001
1149.0,0.005,709,98,0.6000000000000001
1149.5,0.005,709,98,0.0
1150.0,0.003,709,98,0.0
1150.5,0.005,710,98,0.0
1151.0,0.005,710,98,0.0
1151.5,0.003,710,99,0.0
1152.0,0.003,711,99,0.0
1152.5,0.003,711,99,0.0
1153.0,0.003,711,99,0.0
1153.5,0.003,711,98,0.0
1154.0,0.006,712,99,0.0
1154.5,0.005,712,100,0.0
1155.0,0.003,712,100,0.0
1155.5,0.005,713,100,0.0
1156.0,0.003,713,101,0.0
1156.5,0.005,713,101,0.0
1157.0,0.003,714,101,0.0
1157.5,0.003,714,102,0.0
1158.0,0.005,714,101,0.0
1158.5,0.005,715,101,0.0
1159.0,0.0,715,101,0.0
1159.5,0.005,715,100,0.0
1160.0,0.003,715,100,1.2000000000000002
1160.5,0.003,716,100,2.4000000000000004
1161.0,0.003,716,100,3.0
1161.5,0.003,716,101,3.0
1162.0,0.002,717,101,3.0
1162.5,0.003,717,100,3.0
1163.0,0.005,717,100,2.4000000000000004
1163.5,0.005,718,99,2.4000000000000004
1164.0,0.003,718,99,2.4000000000000004
1164.5,0.005,718,99,2.4000000000000004
1165.0,0.002,718,99,3.0
1165.5,0.003,719,100,3.0
1166.0,0.005,719,100,3.0
1166.5,0.006,719,100,3.6
1167.0,0.003,720,100,3.6
1167.5,0.003,720,100,3.6
1168.0,0.002,720,101,3.6
1168.5,0.005,721,100,3.0
1169.0,0.005,721,100,3.0
1169.5,0.005,721,100,3.0
1170.0,0.003,721,100,3.0
1170.5,0.003,722,100,3.6
1171.0,0.003,722,100,3.0
1171.5,0.005,722,99,3.0
1172.0,0.003,723,100,3.0
1172.5,0.005,723,100,3.0
1173.0,0.003,723,100,3.0
1173.5,0.003,724,101,2.4000000000000004
1174.0,0.003,724,101,2.4000000000000004
1174.5,0.006,724,100,2.4000000000000004
1175.0,0.003,725,101,2.4000000000000004
1175.5,0.003,725,100,2.4000000000000004
1176.0,0.005,725,100,3.0
1176.5,0.003,725,100,1.8
1177.0,0.003,726,100,1.8
1177.5,0.006,726,100,1.2000000000000002
1178.0,0.003,726,101,1.2000000000000002
1178.5,0.002,727,101,1.2000000000000002
1179.0,0.003,727,100,0.6000000000000001
1179.5,0.005,727,100,0.6000000000000001
1180.0,0.003,728,99,0.6000000000000001
1180.5,0.008,728,99,0.6000000000000001
1181.0,0.003,728,98,0.6000000000000001
1181.5,0.002,728,98,0.6000000000000001
1182.0,0.003,729,98,0.0
1182.5,0.003,729,98,0.0
1183.0,0.003,729,98,0.0
1183.5,0.005,730,98,0.0
1184.0,0.006,730,98,0.0
1184.5,0.003,730,99,0.0
1185.0,0.003,730,98,0.0
1185.5,0.003,731,98,0.0
1186.0,0.003,731,98,0.0
1186.5,0.003,731,98,0.0
1187.0,0.005,732,99,0.0
1187.5,0.003,732,100,0.0
1188.0,0.005,732,99,0.0
1188.5,0.003,733,100,0.0
1189.0,0.005,733,101,0.0
1189.5,0.003,733,101,0.0
1190.0,0.005,734,101,0.0
1190.5,0.003,734,100,0.0
1191.0,0.005,734,100,0.0
1191.5,0.003,734,100,0.0
1192.0,0.003,735,100,0.0
1192.5,0.005,735,100,0.6000000000000001
1193.0,0.005,735,99,2.4000000000000004
1193.5,0.003,736,100,3.0
1194.0,0.005,736,100,3.0
1194.5,0.005,736,100,3.0
1195.0,0.003,737,100,3.0
1195.5,0.003,737,100,2.4000000000000004
1196.0,0.003,737,99,2.4000000000000004
1196.5,0.002,737,99,2.4000000000000004
1197.0,0.005,738,99,2.4000000000000004
1197.5,0.005,738,99,3.0
1198.0,0.005,738,99,3.0
1198.5,0.003,739,100,3.0
1199.0,0.003,739,100,3.6
1199.5,0.003,739,100,3.6
1200.0,0.005,739,100,3.6
1200.5,0.005,740,100,3.6
1201.0,0.005,740,100,3.0
1201.5,0.003,740,100,3.0
1202.0,0.006,741,100,3.0
1202.5,0.003,741,100,3.0
1203.0,0.005,741,100,3.6
1203.5,0.003,742,99,3.0
1204.0,0.003,742,100,3.0
1204.5,0.002,742,100,3.0
1205.0,0.003,743,100,3.0
1205.5,0.003,743,100,3.0
1206.0,0.006,743,100,2.4000000000000004
1206.5,0.005,743,100,2.4000000000000004
1207.0,0.003,744,100,2.4000000000000004
1207.5,0.003,744,100,2.4000000000000004
1208.0,0.003,744,100,2.4000000000000004
1208.5,0.003,745,100,3.0
1209.0,0.005,745,100,2.4000000000000004
1209.5,0.003,745,100,1.8
1210.0,0.005,746,100,1.2000000000000002
1210.5,0.005,746,101,1.2000000000000002
1211.0,0.005,746,101,0.6000000000000001
1211.5,0.003,746,100,0.6000000000000001
1212.0,0.006,747,100,0.6000000000000001
1212.5,0.003,747,99,0.6000000000000001
1213.0,0.005,747,99,0.6000000000000001
1213.5,0.003,748,98,0.6000000000000001
1214.0,0.005,748,98,0.6000000000000001
1214.5,0.003,748,98,0.0
1215.0,0.006,749,98,0.0
1215.5,0.003,749,98,0.0
1216.0,0.005,749,98,0.0
1216.5,0.003,749,98,0.0
1217.0,0.003,750,99,0.0
1217.5,0.003,750,99,0.0
1218.0,0.005,750,98,0.0
1218.5,0.005,752,99,0.0
1219.0,0.005,752,100,0.0
1219.5,0.005,752,101,0.0
1220.0,0.003,753,101,0.0
1220.5,0.003,753,101,0.0
1221.0,0.003,753,101,0.0
1221.5,0.005,754,100,0.0
1222.0,0.003,754,100,0.0
1222.5,0.003,754,100,0.0
1223.0,0.005,754,99,0.0
1223.5,0.003,755,99,1.8
1224.0,0.003,755,99,3.0
1224.5,0.002,755,100,3.6
1225.0,0.003,756,100,3.6
1225.5,0.003,756,100,3.0
1226.0,0.006,756,100,3.0
1226.5,0.005,757,99,3.0
1227.0,0.003,757,99,2.4000000000000004
1227.5,0.003,757,99,3.0
1228.0,0.003,758,99,3.0
1228.5,0.003,758,99,3.0
1229.0,0.005,758,99,3.6
1229.5,0.006,758,99,3.6
1230.0,0.003,759,100,4.2
1230.5,0.005,759,100,3.6
1231.0,0.003,759,100,3.6
1231.5,0.003,760,100,3.6
1232.0,0.003,760,100,3.0
1232.5,0.003,760,99,3.0
1233.0,0.002,761,100,3.0
1233.5,0.003,761,100,3.6
1234.0,0.005,761,99,3.6
1234.5,0.006,761,100,3.0
1235.0,0.003,762,100,3.0
1235.5,0.005,762,99,3.0
1236.0,0.003,762,100,3.0
1236.5,0.003,763,100,3.0
1237.0,0.003,763,100,2.4000000000000004
1237.5,0.005,763,100,2.4000000000000004
1238.0,0.003,764,100,2.4000000000000004
1238.5,0.003,764,100,2.4000000000000004
1239.0,0.005,764,100,3.0
1239.5,0.003,764,100,3.0
1240.0,0.003,765,100,1.8
1240.5,0.005,765,100,1.2000000000000002
1241.0,0.003,766,101,0.6000000000000001
1241.5,0.002,766,101,0.6000000000000001
1242.0,0.003,766,100,0.6000000000000001
1242.5,0.003,767,100,0.6000000000000001
1243.0,0.005,767,99,0.6000000000000001
1243.5,0.002,767,99,0.6000000000000001
1244.0,0.003,767,98,0.6000000000000001
1244.5,0.002,768,98,0.6000000000000001
1245.0,0.005,768,98,0.0
1245.5,0.003,768,98,0.0
1246.0,0.005,769,98,0.0
1246.5,0.003,769,98,0.0
1247.0,0.005,769,99,0.0
1247.5,0.003,770,99,0.0
1248.0,0.003,770,98,0.0
1248.5,0.003,770,99,0.0
1249.0,0.003,770,99,0.0
1249.5,0.003,771,99,0.0
1250.0,0.005,771,100,0.0
1250.5,0.003,771,100,0.0
1251.0,0.005,772,100,0.0
1251.5,0.003,772,101,0.0
1252.0,0.003,772,101,0.0
1252.5,0.003,773,101,0.0
1253.0,0.003,773,101,0.0
1253.5,0.003,773,101,0.0
1254.0,0.003,774,100,0.0
1254.5,0.003,774,100,0.0
1255.0,0.003,774,100,0.0
1255.5,0.003,774,100,1.8
1256.0,0.003,775,100,3.0
1256.5,0.003,775,100,3.0
1257.0,0.005,775,101,3.0
1257.5,0.003,776,100,3.0
1258.0,0.003,776,100,3.0
1258.5,0.003,776,100,2.4000000000000004
1259.0,0.005,776,99,2.4000000000000004
1259.5,0.006,777,99,2.4000000000000004
1260.0,0.003,777,99,2.4000000000000004
1260.5,0.005,777,99,3.0
1261.0,0.003,778,100,3.0
1261.5,0.003,778,100,3.0
1262.0,0.005,778,100,3.6
1262.5,0.005,779,100,3.6
1263.0,0.003,779,100,3.6
1263.5,0.005,779,100,3.0
1264.0,0.003,779,100,3.0
1264.5,0.005,780,100,3.0
1265.0,0.005,780,99,3.0
1265.5,0.005,780,100,3.0
1266.0,0.002,781,100,3.6
1266.5,0.003,781,99,3.0
1267.0,0.003,781,100,3.0
1267.5,0.003,782,100,3.0
1268.0,0.005,782,100,3.0
1268.5,0.005,782,100,3.0
1269.0,0.002,783,100,2.4000000000000004
1269.5,0.003,783,100,2.4000000000000004
1270.0,0.002,783,100,2.4000000000000004
1270.5,0.003,783,100,2.4000000000000004
1271.0,0.003,784,100,3.0
1271.5,0.003,784,100,3.0
1272.0,0.002,784,100,1.8
1272.5,0.006,785,100,1.2000000000000002
1273.0,0.003,785,100,1.2000000000000002
1273.5,0.003,785,100,1.2000000000000002
1274.0,0.003,785,100,1.2000000000000002
1274.5,0.003,786,100,0.6000000000000001
1275.0,0.002,786,99,0.6000000000000001
1275.5,0.003,786,99,0.6000000000000001
1276.0,0.003,787,98,0.6000000000000001
1276.5,0.003,787,98,0.6000000000000001
1277.0,0.003,787,98,0.6000000000000001
1277.5,0.003,788,98,0.0
1278.0,0.003,788,98,0.0
1278.5,0.005,788,98,0.0
1279.0,0.003,788,98,0.0
1279.5,0.003,789,98,0.0
1280.0,0.005,789,98,0.0
1280.5,0.005,789,98,0.0
1281.0,0.002,790,98,0.0
1281.5,0.005,790,98,0.0
1282.0,0.003,790,99,0.0
1282.5,0.005,791,99,0.0
1283.0,0.005,791,99,0.0
1283.5,0.003,791,99,0.0
1284.0,0.003,791,101,0.0
1284.5,0.005,792,100,0.0
1285.0,0.003,792,101,0.0
1285.5,0.005,792,101,0.0
1286.0,0.002,793,100,0.0
1286.5,0.006,793,100,0.0
1287.0,0.003,793,100,0.0
1287.5,0.005,794,99,0.0
1288.0,0.003,794,99,1.2000000000000002
1288.5,0.003,794,99,2.4000000000000004
1289.0,0.003,794,99,3.0
1289.5,0.006,795,100,3.0
1290.0,0.003,795,100,3.0
1290.5,0.005,795,100,3.0
1291.0,0.005,796,99,3.0
1291.5,0.005,796,99,3.0
1292.0,0.003,796,99,2.4000000000000004
1292.5,0.005,797,99,3.0
1293.0,0.003,797,99,3.0
1293.5,0.006,797,99,3.0
1294.0,0.005,797,99,3.0
1294.5,0.003,798,99,3.6
1295.0,0.005,798,99,3.6
1295.5,0.005,798,100,3.6
1296.0,0.003,799,100,3.6
1296.5,0.005,799,100,3.6
1297.0,0.003,799,100,3.0
1297.5,0.003,800,100,3.0
1298.0,0.005,800,100,3.0
1298.5,0.006,800,100,3.6
1299.0,0.003,800,100,3.6
1299.5,0.006,801,99,3.0
1300.0,0.005,801,100,3.0
1300.5,0.003,801,100,3.0
1301.0,0.005,802,100,3.0
1301.5,0.005,802,100,3.0
1302.0,0.003,802,100,2.4000000000000004
1302.5,0.003,803,100,2.4000000000000004
1303.0,0.005,803,100,2.4000000000000004
1303.5,0.003,803,100,3.0
1304.0,0.003,803,100,3.0
1304.5,0.005,804,100,1.8
1305.0,0.003,804,100,1.8
1305.5,0.003,804,100,1.2000000000000002
1306.0,0.005,805,101,1.2000000000000002
1306.5,0.002,805,101,1.2000000000000002
1307.0,0.005,805,100,0.6000000000000001
1307.5,0.003,806,100,0.6000000000000001
1308.0,0.003,806,99,0.6000000000000001
1308.5,0.003,806,99,0.6000000000000001
1309.0,0.003,806,98,0.6000000000000001
1309.5,0.002,807,98,0.6000000000000001
1310.0,0.005,807,98,0.0
1310.5,0.002,807,98,0.0
1311.0,0.005,808,98,0.0
1311.5,0.003,808,98,0.0
1312.0,0.006,808,98,0.0
1312.5,0.002,808,98,0.0
1313.0,0.003,809,98,0.0
1313.5,0.005,809,98,0.0
1314.0,0.005,809,98,0.0
1314.5,0.003,810,99,0.0
1315.0,0.005,810,99,0.0
1315.5,0.002,810,99,0.0
1316.0,0.005,811,99,0.0
1316.5,0.005,811,100,0.0
1317.0,0.005,811,101,0.0
1317.5,0.003,812,101,0.0
1318.0,0.005,812,101,0.0
1318.5,0.002,812,101,0.0
1319.0,0.003,812,100,0.0
1319.5,0.003,813,100,0.0
1320.0,0.005,813,100,0.0
1320.5,0.003,813,100,0.6000000000000001
1321.0,0.003,814,99,1.8
1321.5,0.003,814,100,3.0
1322.0,0.003,814,100,3.0
1322.5,0.003,815,100,3.0
1323.0,0.005,815,100,3.0
1323.5,0.003,815,100,3.0
1324.0,0.005,815,99,2.4000000000000004
1324.5,0.003,816,99,2.4000000000000004
1325.0,0.003,816,99,2.4000000000000004
1325.5,0.003,816,99,3.0
1326.0,0.005,817,99,3.0
1326.5,0.003,817,100,3.0
1327.0,0.005,817,100,3.6
1327.5,0.003,817,100,3.6
1328.0,0.003,818,100,3.6
1328.5,0.003,818,100,3.6
1329.0,0.003,818,101,3.0
1329.5,0.002,819,100,3.0
1330.0,0.003,819,100,3.0
1330.5,0.005,819,100,3.0
1331.0,0.003,820,100,3.6
1331.5,0.003,820,100,3.0
1332.0,0.003,820,100,3.0
1332.5,0.002,821,100,3.0
1333.0,0.005,821,100,3.0
1333.5,0.005,821,100,2.4000000000000004
1334.0,0.003,821,100,2.4000000000000004
1334.5,0.003,822,100,2.4000000000000004
1335.0,0.003,822,100,2.4000000000000004
1335.5,0.002,822,100,2.4000000000000004
1336.0,0.002,823,100,2.4000000000000004
1336.5,0.003,823,100,3.0
1337.0,0.002,823,100,2.4000000000000004
1337.5,0.003,824,100,1.8
1338.0,0.003,824,100,1.2000000000000002
1338.5,0.002,824,101,1.2000000000000002
1339.0,0.003,824,101,0.6000000000000001
1339.5,0.005,825,101,0.6000000000000001
1340.0,0.002,825,100,0.6000000000000001
1340.5,0.003,825,99,0.6000000000000001
1341.0,0.002,826,99,0.6000000000000001
1341.5,0.002,826,99,0.6000000000000001
1342.0,0.003,826,98,0.6000000000000001
1342.5,0.003,827,98,0.6000000000000001
1343.0,0.003,827,98,0.0
1343.5,0.005,827,98,0.0
1344.0,0.002,827,98,0.0
1344.5,0.003,828,98,0.0
1345.0,0.002,828,99,0.0
1345.5,0.003,828,99,0.0
1346.0,0.003,829,98,0.0
1346.5,0.003,829,98,0.0
1347.0,0.003,829,99,0.0
1347.5,0.003,830,99,0.0
1348.0,0.002,830,99,0.0
1348.5,0.003,830,100,0.0
1349.0,0.002,830,100,0.0
1349.5,0.003,831,100,0.0
1350.0,0.002,831,101,0.0
1350.5,0.005,831,101,0.0
1351.0,0.002,832,101,0.0
1351.5,0.003,832,100,0.0
1352.0,0.002,832,100,0.0
1352.5,0.003,833,100,0.0
1353.0,0.003,833,100,0.0
1353.5,0.003,833,99,1.8
1354.0,0.002,833,99,3.0
1354.5,0.003,834,100,3.0
1355.0,0.003,834,101,3.6
1355.5,0.005,834,100,3.0
1356.0,0.003,835,100,2.4000000000000004
1356.5,0.003,835,100,2.4000000000000004
1357.0,0.003,835,99,2.4000000000000004
1357.5,0.002,836,99,2.4000000000000004
1358.0,0.002,836,99,2.4000000000000004
1358.5,0.005,836,99,3.0
1359.0,0.003,837,100,3.0
1359.5,0.003,837,100,3.0
1360.0,0.002,837,100,3.6
1360.5,0.003,837,100,3.6
1361.0,0.002,838,100,3.6
1361.5,0.003,838,100,3.0
1362.0,0.003,838,100,3.0
1362.5,0.002,839,100,3.0
1363.0,0.002,839,99,3.0
1363.5,0.003,839,100,3.0
1364.0,0.002,840,100,3.0
1364.5,0.005,840,99,3.0
1365.0,0.005,840,99,3.0
1365.5,0.003,840,100,3.0
1366.0,0.002,841,99,3.0
1366.5,0.003,841,100,2.4000000000000004
1367.0,0.0,841,100,2.4000000000000004
1367.5,0.005,842,100,2.4000000000000004
1368.0,0.003,842,100,2.4000000000000004
1368.5,0.003,842,100,2.4000000000000004
1369.0,0.005,842,100,3.0
1369.5,0.003,843,100,3.0
1370.0,0.003,843,100,1.8
1370.5,0.005,843,100,1.2000000000000002
1371.0,0.003,844,100,1.2000000000000002
1371.5,0.002,844,100,1.2000000000000002
1372.0,0.003,844,100,0.6000000000000001
1372.5,0.003,845,100,0.6000000000000001
1373.0,0.003,845,99,0.6000000000000001
1373.5,0.005,845,99,0.6000000000000001
1374.0,0.002,846,98,0.6000000000000001
1374.5,0.002,846,98,0.6000000000000001
1375.0,0.002,846,98,0.6000000000000001
1375.5,0.003,846,98,0.0
1376.0,0.002,847,98,0.0
1376.5,0.003,847,98,0.0
1377.0,0.003,847,98,0.0
1377.5,0.002,848,98,0.0
1378.0,0.003,848,98,0.0
1378.5,0.002,848,98,0.0
1379.0,0.003,848,98,0.0
1379.5,0.003,849,98,0.0
1380.0,0.003,849,99,0.0
1380.5,0.003,849,99,0.0
1381.0,0.003,850,99,0.0
1381.5,0.003,850,99,0.0
1382.0,0.003,850,100,0.0
1382.5,0.003,851,100,0.0
1383.0,0.003,851,101,0.0
1383.5,0.002,851,101,0.0
1384.0,0.003,851,100,0.0
1384.5,0.002,852,100,0.0
1385.0,0.003,852,100,0.0
1385.5,0.002,852,100,0.0
1386.0,0.005,853,99,1.2000000000000002
1386.5,0.002,853,99,2.4000000000000004
1387.0,0.003,853,99,3.0
1387.5,0.0,854,100,3.0
1388.0,0.003,854,100,3.0
1388.5,0.003,854,100,3.0
1389.0,0.003,854,99,2.4000000000000004
1389.5,0.002,855,99,2.4000000000000004
1390.0,0.005,855,99,3.0
1390.5,0.003,855,99,3.0
1391.0,0.006,856,99,3.0
1391.5,0.003,856,99,3.6
1392.0,0.005,856,100,3.6
1392.5,0.003,856,100,3.6
1393.0,0.005,857,100,3.6
1393.5,0.003,857,100,3.6
1394.0,0.003,857,100,3.6
1394.5,0.003,858,100,3.0
1395.0,0.002,858,100,3.0
1395.5,0.003,858,100,3.0
1396.0,0.006,859,100,3.0
1396.5,0.003,859,100,3.6
1397.0,0.002,859,100,3.0
1397.5,0.003,860,99,3.0
1398.0,0.003,860,99,3.0
1398.5,0.005,860,100,3.0
1399.0,0.005,860,100,3.0
1399.5,0.002,861,100,2.4000000000000004
1400.0,0.003,861,100,2.4000000000000004
1400.5,0.002,861,100,2.4000000000000004
1401.0,0.002,862,100,2.4000000000000004
1401.5,0.003,862,100,2.4000000000000004
1402.0,0.005,862,100,3.0
1402.5,0.003,863,100,1.8
1403.0,0.003,863,100,1.2000000000000002
1403.5,0.003,863,100,1.2000000000000002
1404.0,0.003,863,101,1.2000000000000002
1404.5,0.003,864,101,0.6000000000000001
1405.0,0.005,864,100,0.6000000000000001
1405.5,0.003,864,99,0.6000000000000001
1406.0,0.0,865,99,0.6000000000000001
1406.5,0.002,865,99,0.6000000000000001
1407.0,0.0,865,98,0.6000000000000001
1407.5,0.005,866,98,0.6000000000000001
1408.0,0.003,866,98,0.0
1408.5,0.003,866,98,0.0
1409.0,0.003,866,98,0.0
1409.5,0.005,867,98,0.0
1410.0,0.003,867,99,0.0
1410.5,0.005,867,99,0.0
1411.0,0.003,868,98,0.0
1411.5,0.003,868,98,0.0
1412.0,0.003,868,98,0.0
1412.5,0.005,869,98,0.0
1413.0,0.003,869,99,0.0
1413.5,0.005,869,100,0.0
1414.0,0.005,869,100,0.0
1414.5,0.003,870,100,0.0
1415.0,0.003,870,101,0.0
1415.5,0.005,870,101,0.0
1416.0,0.003,871,101,0.0
1416.5,0.005,871,101,0.0
1417.0,0.005,871,100,0.0
1417.5,0.003,872,100,0.0
1418.0,0.002,872,100,0.0
1418.5,0.003,872,100,1.2000000000000002
1419.0,0.003,872,99,2.4000000000000004
1419.5,0.003,873,100,3.0
1420.0,0.005,873,100,3.6
1420.5,0.005,873,100,3.0
1421.0,0.003,874,100,3.0
1421.5,0.006,874,100,2.4000000000000004
1422.0,0.005,874,100,2.4000000000000004
1422.5,0.003,875,99,2.4000000000000004
1423.0,0.003,875,99,2.4000000000000004
1423.5,0.003,875,99,3.0
1424.0,0.002,876,100,3.0
1424.5,0.006,876,100,3.0
1425.0,0.005,876,100,3.6
1425.5,0.003,876,100,3.6
1426.0,0.003,877,100,3.6
1426.5,0.005,877,100,3.6
1427.0,0.003,877,100,3.0
1427.5,0.005,878,100,3.0
1428.0,0.005,883,100,1.2000000000000002
1428.5,0.006,883,101,1.2000000000000002
1429.0,0.005,883,101,0.6000000000000001
1429.5,0.003,884,100,0.6000000000000001
1430.0,0.005,884,100,0.6000000000000001
1430.5,0.005,884,99,0.6000000000000001
1431.0,0.003,885,99,0.6000000000000001
1431.5,0.006,885,98,0.6000000000000001
1432.0,0.005,885,98,0.6000000000000001
1432.5,0.003,885,98,0.0
1433.0,0.003,886,98,0.0
1433.5,0.006,886,98,0.0
1434.0,0.005,886,98,0.0
1434.5,0.006,887,98,0.0
1435.0,0.006,887,98,0.0
1435.5,0.003,887,98,0.0
1436.0,0.005,887,98,0.0
1436.5,0.006,888,98,0.0
1437.0,0.005,888,98,0.0
1437.5,0.005,888,98,0.0
1438.0,0.006,889,99,0.0
1438.5,0.003,889,99,0.0
1439.0,0.006,889,100,0.0
1439.5,0.008,890,101,0.0
1440.0,0.005,890,101,0.0
1440.5,0.005,890,101,0.0
1441.0,0.006,890,100,0.0
1441.5,0.003,891,100,0.0
1442.0,0.005,891,100,0.0
1442.5,0.006,891,100,0.0
1443.0,0.005,892,100,0.6000000000000001
1443.5,0.005,892,99,1.8
1444.0,0.006,892,99,3.0
1444.5,0.003,893,100,3.0
1445.0,0.005,893,100,3.0
1445.5,0.008,893,100,3.0
1446.0,0.005,894,99,3.0
1446.5,0.006,894,99,2.4000000000000004
1447.0,0.006,894,99,2.4000000000000004
1447.5,0.005,894,99,2.4000000000000004
1448.0,0.006,895,99,3.0
1448.5,0.006,895,99,3.0
1449.0,0.006,895,99,3.0
1449.5,0.006,896,100,3.6
1450.0,0.006,896,100,3.6
1450.5,0.005,896,100,3.6
1451.0,0.006,896,100,3.6
1451.5,0.008,897,100,3.0
1452.0,0.005,897,100,3.0
1452.5,0.005,897,100,3.0
1453.0,0.008,898,100,3.0
1453.5,0.006,898,100,3.0
1454.0,0.006,898,100,3.0
1454.5,0.006,899,100,3.0
1455.0,0.006,899,100,3.0
1455.5,0.005,899,100,3.0
1456.0,0.008,900,100,3.0
1456.5,0.006,900,100,2.4000000000000004
1457.0,0.006,900,100,2.4000000000000004
1457.5,0.006,900,100,2.4000000000000004
1458.0,0.006,901,100,2.4000000000000004
1458.5,0.005,901,100,2.4000000000000004
1459.0,0.008,901,100,3.0
1459.5,0.006,902,100,2.4000000000000004
1460.0,0.006,902,100,1.8
1460.5,0.006,902,100,1.2000000000000002
1461.0,0.006,903,100,1.2000000000000002
1461.5,0.006,903,101,1.2000000000000002
1462.0,0.01,903,100,0.6000000000000001
1462.5,0.005,903,100,0.6000000000000001
1463.0,0.005,904,99,0.6000000000000001
1463.5,0.005,904,99,0.6000000000000001
1464.0,0.006,904,98,0.6000000000000001
1464.5,0.006,905,98,0.6000000000000001
1465.0,0.008,905,98,0.6000000000000001
1465.5,0.005,905,98,0.0
1466.0,0.005,905,98,0.0
1466.5,0.006,906,98,0.0
1467.0,0.008,906,98,0.0
1467.5,0.006,906,98,0.0
1468.0,0.008,907,98,0.0
1468.5,0.005,907,98,0.0
1469.0,0.005,907,98,0.0
1469.5,0.006,908,98,0.0
1470.0,0.005,908,99,0.0
1470.5,0.006,908,99,0.0
1471.0,0.006,908,99,0.0
1471.5,0.006,909,99,0.0
1472.0,0.006,909,100,0.0
1472.5,0.006,909,101,0.0
1473.0,0.006,910,101,0.0
1473.5,0.006,910,101,0.0
1474.0,0.008,910,100,0.0
1474.5,0.006,911,100,0.0
1475.0,0.005,911,100,0.0
1475.5,0.006,912,100,3.6
1476.0,0.006,913,100,3.0
1476.5,0.008,913,100,2.4000000000000004
1477.0,0.006,913,99,2.4000000000000004
1477.5,0.008,914,99,2.4000000000000004
1478.0,0.008,914,99,2.4000000000000004
1478.5,0.006,914,99,2.4000000000000004
1479.0,0.006,915,99,3.0
1479.5,0.008,915,99,3.0
1480.0,0.006,915,99,3.0
1480.5,0.01,915,99,3.6
1481.0,0.006,916,100,3.6
1481.5,0.006,916,100,3.6
1482.0,0.006,916,100,3.6
1482.5,0.01,917,100,3.0
1483.0,0.006,917,100,3.0
1483.5,0.008,917,100,3.0
1484.0,0.008,917,100,3.0
1484.5,0.008,918,100,3.6
1485.0,0.006,918,99,3.0
1485.5,0.01,918,100,3.0
1486.0,0.008,919,100,3.0
1486.5,0.008,919,100,3.0
1487.0,0.006,919,100,3.0
1487.5,0.008,920,100,2.4000000000000004
1488.0,0.006,920,100,2.4000000000000004
1488.5,0.01,920,100,2.4000000000000004
1489.0,0.008,920,100,2.4000000000000004
1489.5,0.006,921,100,2.4000000000000004
1490.0,0.008,921,100,3.0
1490.5,0.008,921,100,1.8
1491.0,0.006,922,100,1.2000000000000002
1491.5,0.01,922,100,1.2000000000000002
1492.0,0.006,922,101,1.2000000000000002
1492.5,0.008,923,101,0.6000000000000001
1493.0,0.006,923,100,0.6000000000000001
1493.5,0.008,923,100,0.6000000000000001
1494.0,0.006,924,99,0.6000000000000001
1494.5,0.008,924,99,0.6000000000000001
1495.0,0.006,924,98,0.6000000000000001
1495.5,0.008,924,98,0.6000000000000001
1496.0,0.008,925,98,0.0
1496.5,0.008,925,98,0.0
1497.0,0.008,925,98,0.0
1497.5,0.01,926,98,0.0
1498.0,0.006,926,98,0.0
1498.5,0.006,926,99,0.0
1499.0,0.006,926,98,0.0
1499.5,0.01,927,99,0.0
1500.0,0.006,927,98,0.0
1500.5,0.008,927,99,0.0
1501.0,0.006,928,99,0.0
1501.5,0.008,928,99,0.0
1502.0,0.006,928,99,0.0
1502.5,0.01,929,101,0.0
1503.0,0.008,929,101,0.0
1503.5,0.006,929,101,0.0
1504.0,0.01,929,101,0.0
1504.5,0.006,930,100,0.0
1505.0,0.006,930,100,0.0
1505.5,0.01,930,100,0.0
1506.0,0.006,931,100,0.0
1506.5,0.006,931,99,1.2000000000000002
1507.0,0.006,931,0,2.4000000000000004
1507.5,0.006,931,0,1.8
1508.0,0.006,931,0,0.6000000000000001
1508.5,0.003,931,0,0.0
1509.0,0.003,931,0,0.0
1509.5,0.002,931,0,0.0
1510.0,0.002,931,0,0.0
1510.5,0.003,931,0,0.0
1511.0,0.003,931,0,0.0
1511.5,0.003,931,0,0.0
1512.0,0.003,931,0,0.0
1512.5,0.005,931,0,0.0
1513.0,0.005,931,0,0.0
1513.5,0.005,931,0,0.0
1514.0,0.005,931,0,0.0
1514.5,0.005,931,0,0.0
1515.0,0.005,931,0,0.0
1515.5,0.006,931,0,0.0
1516.0,0.006,931,0,0.0
1516.5,0.006,931,0,0.0
1517.0,0.006,931,0,0.0
1517.5,0.006,931,0,0.0
1518.0,0.006,931,0,0.0
1518.5,0.006,931,0,0.0
1519.0,0.006,931,0,0.0
1519.5,0.006,931,0,0.0
1520.0,0.005,931,0,0.0
1520.5,0.005,931,0,0.0
1521.0,0.003,931,0,0.0
1521.5,0.005,931,0,0.0
1522.0,0.003,931,0,0.0
