0,0.005,0,14,0.0
0.5,0.006,0,14,7.300000000000001
1.0,0.005,0,14,6.6000000000000005
1.5,0.006,0,14,5.4
2.0,0.008,0,14,5.4
2.5,0.008,0,11,5.4
3.0,0.01,0,11,5.4
3.5,0.013,0,13,4.800000000000001
4.0,0.013,0,13,4.800000000000001
4.5,0.011,0,13,4.2
5.0,0.013,0,17,4.2
5.5,0.013,0,23,4.2
6.0,0.011,1,23,6.0
6.5,0.013,1,24,7.2
7.0,0.015,1,27,8.5
7.5,0.013,1,30,9.1
8.0,0.013,1,34,8.5
8.5,0.013,1,41,8.5
9.0,0.013,1,44,7.9
9.5,0.013,1,49,6.6000000000000005
10.0,0.015,2,52,6.0
10.5,0.026,2,53,5.4
11.0,0.029,2,55,4.800000000000001
11.5,0.023,2,56,3.0
12.0,0.018,2,56,1.8
12.5,0.01,3,57,1.2000000000000002
13.0,0.011,3,58,0.6000000000000001
13.5,0.01,3,58,0.0
14.0,0.011,3,59,0.0
14.5,0.01,3,59,0.0
15.0,0.01,3,59,0.0
15.5,0.011,4,59,0.0
16.0,0.011,4,59,1.2000000000000002
16.5,0.011,4,60,1.2000000000000002
17.0,0.013,4,62,1.8
17.5,0.015,4,65,1.8
18.0,0.019,5,69,1.8
18.5,0.018,5,71,1.8
19.0,0.016,5,72,1.8
19.5,0.016,5,74,1.8
20.0,0.013,5,76,0.6000000000000001
20.5,0.01,6,76,0.0
21.0,0.008,6,77,0.0
21.5,0.01,6,78,0.0
22.0,0.011,6,78,0.0
22.5,0.01,7,79,0.0
23.0,0.01,7,80,0.0
23.5,0.01,7,80,0.0
24.0,0.01,7,80,0.0
24.5,0.01,8,81,0.0
25.0,0.008,8,81,0.0
25.5,0.008,8,81,0.0
26.0,0.01,8,81,0.0
26.5,0.01,9,81,0.0
27.0,0.008,9,81,0.0
27.5,0.008,9,81,0.0
28.0,0.01,9,82,0.0
28.5,0.008,10,82,0.0
29.0,0.008,10,83,0.0
29.5,0.011,10,84,0.6000000000000001
30.0,0.01,10,87,1.2000000000000002
30.5,0.01,11,89,1.2000000000000002
31.0,0.011,11,91,0.6000000000000001
31.5,0.01,11,94,0.0
32.0,0.01,12,96,0.6000000000000001
32.5,0.01,12,97,1.8
33.0,0.011,12,98,3.6
33.5,0.008,12,99,4.800000000000001
34.0,0.01,13,99,5.4
34.5,0.011,13,101,6.0
35.0,0.013,13,102,5.4
35.5,0.008,14,102,4.800000000000001
36.0,0.01,14,102,4.2
36.5,0.008,14,102,4.2
37.0,0.01,15,103,6.6000000000000005
37.5,0.008,15,106,9.1
38.0,0.01,15,108,10.3
38.5,0.013,16,112,10.3
39.0,0.013,16,114,10.9
39.5,0.016,16,116,11.5
40.0,0.011,17,117,11.5
40.5,0.013,17,119,10.9
41.0,0.01,17,121,9.700000000000001
41.5,0.013,18,122,9.1
42.0,0.011,18,123,8.5
42.5,0.011,18,124,8.5
43.0,0.011,19,124,6.6000000000000005
43.5,0.008,19,124,6.0
44.0,0.011,20,125,5.4
44.5,0.011,20,125,5.4
45.0,0.01,20,126,4.800000000000001
45.5,0.01,21,126,4.2
46.0,0.01,21,126,4.2
46.5,0.011,21,126,4.2
47.0,0.011,22,126,4.2
47.5,0.01,22,126,3.0
48.0,0.008,23,126,3.0
48.5,0.01,23,127,1.8
49.0,0.01,23,126,1.8
49.5,0.01,24,125,1.8
50.0,0.008,24,125,1.2000000000000002
50.5,0.008,24,124,1.2000000000000002
51.0,0.01,25,123,1.2000000000000002
51.5,0.008,25,123,0.6000000000000001
52.0,0.011,26,123,0.0
52.5,0.008,26,122,0.0
53.0,0.006,26,123,0.0
53.5,0.005,27,123,0.0
54.0,0.003,27,122,0.0
54.5,0.006,27,122,0.0
55.0,0.005,28,122,0.0
55.5,0.005,28,121,0.0
56.0,0.008,29,122,0.0
56.5,0.006,29,122,0.0
57.0,0.008,29,123,0.0
57.5,0.008,30,123,0.0
58.0,0.005,30,123,0.0
58.5,0.006,30,122,0.0
59.0,0.006,31,121,0.0
59.5,0.006,31,121,0.0
60.0,0.005,32,120,1.2000000000000002
60.5,0.005,32,120,2.4000000000000004
61.0,0.006,32,120,3.6
61.5,0.006,33,121,3.6
62.0,0.008,33,120,3.6
62.5,0.01,33,120,3.0
63.0,0.006,34,119,3.0
63.5,0.006,34,118,2.4000000000000004
64.0,0.006,34,118,3.0
64.5,0.008,35,118,3.0
65.0,0.005,35,118,3.0
65.5,0.008,35,118,3.6
66.0,0.008,36,118,3.6
66.5,0.008,36,117,3.6
67.0,0.011,37,118,3.0
67.5,0.01,37,117,3.0
68.0,0.011,37,116,3.0
68.5,0.008,38,116,3.0
69.0,0.008,38,116,3.6
69.5,0.008,38,116,3.0
70.0,0.008,39,115,3.6
70.5,0.008,39,114,3.6
71.0,0.01,39,115,3.0
71.5,0.01,40,116,3.0
72.0,0.008,40,115,2.4000000000000004
72.5,0.01,40,115,2.4000000000000004
73.0,0.008,41,114,2.4000000000000004
73.5,0.006,41,114,3.0
74.0,0.01,41,113,3.0
74.5,0.008,42,113,1.8
75.0,0.008,42,113,1.8
75.5,0.01,42,114,1.8
76.0,0.008,43,113,1.8
76.5,0.006,43,113,1.2000000000000002
77.0,0.005,43,112,1.2000000000000002
77.5,0.008,44,111,1.2000000000000002
78.0,0.008,44,110,1.2000000000000002
78.5,0.01,44,109,1.2000000000000002
79.0,0.006,45,109,0.6000000000000001
79.5,0.006,45,109,0.0
80.0,0.008,45,109,0.0
80.5,0.008,46,109,0.0
81.0,0.006,46,109,0.0
81.5,0.01,46,109,0.0
82.0,0.01,47,108,0.0
82.5,0.01,47,108,0.0
83.0,0.013,47,108,0.0
83.5,0.008,48,108,0.0
84.0,0.01,48,108,0.0
84.5,0.008,48,108,0.0
85.0,0.008,49,109,0.0
85.5,0.008,49,109,0.0
86.0,0.01,49,110,0.0
86.5,0.01,50,109,0.0
87.0,0.011,50,109,0.0
87.5,0.008,50,108,0.0
88.0,0.008,51,108,0.0
88.5,0.01,51,108,0.0
89.0,0.008,51,107,1.8
89.5,0.011,52,107,3.0
90.0,0.01,52,107,3.6
90.5,0.01,52,107,3.6
91.0,0.01,53,107,3.6
91.5,0.01,53,107,3.0
92.0,0.006,53,106,3.0
92.5,0.01,54,106,3.0
93.0,0.008,54,105,3.0
93.5,0.011,54,105,3.0
94.0,0.01,54,105,3.6
94.5,0.011,55,106,3.6
95.0,0.01,55,105,4.2
95.5,0.011,55,106,4.2
96.0,0.01,56,106,4.2
96.5,0.01,56,106,3.6
97.0,0.01,56,105,3.6
97.5,0.01,57,105,3.0
98.0,0.01,57,105,3.6
98.5,0.01,57,105,3.6
99.0,0.008,58,105,3.6
99.5,0.01,58,104,3.6
100.0,0.008,58,105,3.6
100.5,0.01,59,104,3.6
101.0,0.011,59,105,3.6
101.5,0.011,59,105,3.0
102.0,0.011,59,105,3.0
102.5,0.01,60,104,3.0
103.0,0.01,60,105,3.0
103.5,0.008,60,105,3.0
104.0,0.013,61,105,3.6
104.5,0.01,61,104,3.0
105.0,0.01,61,104,1.8
105.5,0.011,62,105,1.8
106.0,0.01,62,105,1.2000000000000002
106.5,0.013,62,105,1.2000000000000002
107.0,0.013,63,104,1.2000000000000002
107.5,0.011,63,104,1.2000000000000002
108.0,0.011,63,103,1.2000000000000002
108.5,0.008,64,103,1.2000000000000002
109.0,0.01,64,102,1.2000000000000002
109.5,0.008,64,102,1.2000000000000002
110.0,0.011,65,102,0.0
110.5,0.008,65,102,0.0
111.0,0.011,65,102,0.0
111.5,0.011,65,102,0.0
112.0,0.011,66,103,0.0
112.5,0.011,66,102,0.0
113.0,0.011,66,102,0.0
113.5,0.01,67,102,0.0
114.0,0.01,67,102,0.0
114.5,0.008,67,102,0.0
115.0,0.01,68,103,0.0
115.5,0.013,68,103,0.0
116.0,0.01,68,104,0.0
116.5,0.011,69,104,0.0
117.0,0.011,69,105,0.0
117.5,0.01,69,105,0.0
118.0,0.011,69,104,0.0
118.5,0.013,70,104,0.0
119.0,0.011,70,103,0.0
119.5,0.011,70,103,0.0
120.0,0.011,71,102,1.2000000000000002
120.5,0.011,71,102,2.4000000000000004
121.0,0.01,71,103,3.0
121.5,0.011,72,103,3.6
122.0,0.01,72,103,3.6
122.5,0.011,72,103,3.0
123.0,0.011,73,102,3.0
123.5,0.011,73,102,2.4000000000000004
124.0,0.011,73,102,3.0
124.5,0.01,73,101,3.0
125.0,0.011,74,101,3.6
125.5,0.01,74,102,3.6
126.0,0.01,74,102,3.6
126.5,0.013,75,102,4.2
127.0,0.013,75,102,4.2
127.5,0.013,75,102,4.2
128.0,0.013,76,102,3.6
128.5,0.013,76,102,3.6
129.0,0.011,76,102,3.6
129.5,0.01,77,102,3.6
130.0,0.01,77,102,3.6
130.5,0.01,77,102,3.6
131.0,0.01,78,101,3.6
131.5,0.013,78,102,3.6
132.0,0.013,78,101,3.6
132.5,0.015,78,102,3.0
133.0,0.015,79,102,3.0
133.5,0.013,79,102,3.0
134.0,0.011,79,102,3.0
134.5,0.011,80,102,3.0
135.0,0.011,80,102,3.0
135.5,0.011,80,102,3.0
136.0,0.013,81,102,3.0
136.5,0.011,81,102,1.8
137.0,0.011,81,102,1.8
137.5,0.013,82,102,1.2000000000000002
138.0,0.011,82,102,1.2000000000000002
138.5,0.013,82,102,1.2000000000000002
139.0,0.011,82,102,1.2000000000000002
139.5,0.011,83,101,1.2000000000000002
140.0,0.011,83,101,1.8
140.5,0.011,83,100,1.2000000000000002
141.0,0.01,84,99,1.2000000000000002
141.5,0.011,84,100,0.6000000000000001
142.0,0.01,84,99,0.0
142.5,0.011,85,100,0.0
143.0,0.011,85,100,0.0
143.5,0.013,85,100,0.0
144.0,0.01,85,100,0.0
144.5,0.015,86,100,0.0
145.0,0.015,86,100,0.0
145.5,0.015,86,100,0.0
146.0,0.015,87,100,0.0
146.5,0.015,87,100,0.0
147.0,0.013,87,101,0.0
147.5,0.013,88,100,0.0
148.0,0.011,88,101,0.0
148.5,0.011,88,102,0.0
149.0,0.011,88,102,0.0
149.5,0.013,89,102,0.0
150.0,0.011,89,101,0.0
150.5,0.011,89,101,0.0
151.0,0.011,90,101,0.0
151.5,0.011,90,101,0.0
152.0,0.01,90,100,1.2000000000000002
152.5,0.011,91,100,3.0
153.0,0.011,91,100,3.6
153.5,0.016,91,101,3.6
154.0,0.015,92,101,3.6
154.5,0.015,92,101,3.0
155.0,0.011,92,100,3.0
155.5,0.01,92,100,3.0
156.0,0.008,93,100,3.0
156.5,0.01,93,100,3.0
157.0,0.011,93,100,3.6
157.5,0.013,94,100,3.6
158.0,0.011,94,100,3.6
158.5,0.013,94,100,4.2
159.0,0.011,95,101,4.2
159.5,0.013,95,101,4.2
160.0,0.011,95,101,3.6
160.5,0.01,95,101,3.6
161.0,0.01,96,101,3.0
161.5,0.011,96,100,3.0
162.0,0.013,97,100,3.6
162.5,0.013,97,100,3.0
163.0,0.011,97,100,3.0
163.5,0.01,98,101,3.6
164.0,0.01,98,101,3.0
164.5,0.011,98,101,3.0
165.0,0.013,98,101,3.0
165.5,0.011,99,101,2.4000000000000004
166.0,0.013,99,101,2.4000000000000004
166.5,0.011,99,101,2.4000000000000004
167.0,0.013,100,101,3.0
167.5,0.011,100,101,3.6
168.0,0.011,100,101,2.4000000000000004
168.5,0.011,101,101,1.8
169.0,0.011,101,101,1.8
169.5,0.011,101,102,1.2000000000000002
170.0,0.011,102,101,1.2000000000000002
170.5,0.011,102,101,1.2000000000000002
171.0,0.011,102,100,1.2000000000000002
171.5,0.013,102,100,1.2000000000000002
172.0,0.01,103,99,1.2000000000000002
172.5,0.01,103,99,1.2000000000000002
173.0,0.01,103,99,1.2000000000000002
173.5,0.01,104,99,0.0
174.0,0.013,104,99,0.0
174.5,0.013,104,99,0.0
175.0,0.013,105,99,0.0
175.5,0.011,105,99,0.0
176.0,0.011,105,99,0.0
176.5,0.011,105,99,0.0
177.0,0.011,106,99,0.0
177.5,0.011,106,99,0.0
178.0,0.013,106,99,0.0
178.5,0.011,107,100,0.0
179.0,0.013,107,100,0.0
179.5,0.013,107,100,0.0
180.0,0.013,108,101,0.0
180.5,0.011,108,101,0.0
181.0,0.011,108,102,0.0
181.5,0.011,108,102,0.0
182.0,0.013,109,101,0.0
182.5,0.011,109,101,0.0
183.0,0.013,109,101,0.0
183.5,0.015,110,100,1.2000000000000002
184.0,0.011,110,100,3.0
184.5,0.011,111,100,3.6
185.0,0.01,111,101,3.0
185.5,0.011,111,101,3.0
186.0,0.011,112,101,2.4000000000000004
186.5,0.015,112,100,3.0
187.0,0.011,112,100,2.4000000000000004
187.5,0.013,112,100,2.4000000000000004
188.0,0.011,113,99,3.0
188.5,0.011,113,99,3.0
189.0,0.01,113,100,3.0
189.5,0.011,114,100,3.6
190.0,0.011,114,100,4.2
190.5,0.015,114,100,4.2
191.0,0.013,115,100,4.2
191.5,0.016,115,101,3.6
192.0,0.015,115,100,3.6
192.5,0.01,115,100,3.0
193.0,0.01,116,100,3.0
193.5,0.01,116,100,3.6
194.0,0.01,116,100,4.2
194.5,0.011,117,100,3.6
195.0,0.011,117,100,3.6
195.5,0.011,117,100,3.6
196.0,0.015,117,100,3.0
196.5,0.013,118,100,3.0
197.0,0.013,118,100,3.0
197.5,0.011,118,100,2.4000000000000004
198.0,0.011,119,100,2.4000000000000004
198.5,0.008,119,101,2.4000000000000004
199.0,0.01,119,101,3.0
199.5,0.015,120,100,3.0
200.0,0.015,120,100,2.4000000000000004
200.5,0.013,120,100,1.8
201.0,0.013,121,101,1.2000000000000002
201.5,0.011,121,101,1.2000000000000002
202.0,0.011,121,101,1.2000000000000002
202.5,0.01,122,100,1.2000000000000002
203.0,0.013,122,100,1.2000000000000002
203.5,0.011,122,99,1.2000000000000002
204.0,0.011,122,99,1.2000000000000002
204.5,0.01,123,98,1.2000000000000002
205.0,0.011,123,98,1.2000000000000002
205.5,0.011,123,98,0.0
206.0,0.01,124,98,0.0
206.5,0.01,124,98,0.0
207.0,0.011,124,98,0.0
207.5,0.013,124,99,0.0
208.0,0.013,125,99,0.0
208.5,0.013,125,98,0.0
209.0,0.013,125,98,0.0
209.5,0.013,126,98,0.0
210.0,0.013,126,99,0.0
210.5,0.013,126,99,0.0
211.0,0.013,126,99,0.0
211.5,0.011,127,99,0.0
212.0,0.013,127,100,0.0
212.5,0.013,127,100,0.0
213.0,0.016,128,101,0.0
213.5,0.013,128,101,0.0
214.0,0.011,128,100,0.0
214.5,0.011,129,100,0.0
215.0,0.011,129,100,0.0
215.5,0.01,129,100,0.0
216.0,0.011,130,99,1.2000000000000002
216.5,0.011,130,99,3.0
217.0,0.013,130,99,3.6
217.5,0.015,130,100,3.6
218.0,0.013,131,100,3.6
218.5,0.011,131,100,3.0
219.0,0.01,131,100,3.0
219.5,0.01,132,99,3.0
220.0,0.01,132,99,3.0
220.5,0.011,132,99,3.0
221.0,0.013,133,99,3.0
221.5,0.013,133,99,3.6
222.0,0.015,133,100,3.6
222.5,0.015,133,100,3.6
223.0,0.015,134,100,4.2
223.5,0.013,134,100,4.2
224.0,0.011,134,100,3.6
224.5,0.011,135,100,3.6
225.0,0.01,135,100,3.0
225.5,0.011,135,100,3.0
226.0,0.015,136,100,3.0
226.5,0.015,136,100,3.6
227.0,0.013,136,99,3.0
227.5,0.011,136,99,3.0
228.0,0.011,137,99,3.0
228.5,0.011,137,100,3.6
229.0,0.015,137,100,3.0
229.5,0.013,138,100,3.0
230.0,0.015,138,100,3.0
230.5,0.013,138,100,3.0
231.0,0.013,139,100,3.0
231.5,0.011,139,100,3.0
232.0,0.015,139,100,3.6
232.5,0.013,139,100,2.4000000000000004
233.0,0.013,140,100,1.8
233.5,0.013,140,100,1.2000000000000002
234.0,0.013,140,100,1.2000000000000002
234.5,0.013,141,100,1.2000000000000002
235.0,0.015,141,100,1.2000000000000002
235.5,0.011,141,99,0.6000000000000001
236.0,0.015,142,99,1.2000000000000002
236.5,0.011,142,98,1.2000000000000002
237.0,0.011,142,98,1.2000000000000002
237.5,0.01,142,97,1.2000000000000002
238.0,0.011,143,97,0.6000000000000001
238.5,0.013,143,97,0.0
239.0,0.015,143,97,0.0
239.5,0.015,144,97,0.0
240.0,0.013,144,98,0.0
240.5,0.013,144,98,0.0
241.0,0.013,145,98,0.0
241.5,0.011,145,98,0.0
242.0,0.011,145,98,0.0
242.5,0.01,145,98,0.0
243.0,0.011,146,99,0.0
243.5,0.011,146,99,0.0
244.0,0.011,146,99,0.0
244.5,0.013,147,100,0.0
245.0,0.01,147,101,0.0
245.5,0.011,147,101,0.0
246.0,0.011,147,101,0.0
246.5,0.011,148,101,0.0
247.0,0.011,148,100,0.0
247.5,0.013,148,100,0.0
248.0,0.011,149,100,0.0
248.5,0.013,149,100,0.6000000000000001
249.0,0.01,149,99,2.4000000000000004
249.5,0.013,150,100,3.0
250.0,0.01,150,100,3.6
250.5,0.011,150,100,3.6
251.0,0.008,151,100,3.0
251.5,0.013,151,100,3.0
252.0,0.011,151,99,3.0
252.5,0.013,151,99,2.4000000000000004
253.0,0.011,152,99,3.0
253.5,0.011,152,99,3.0
254.0,0.011,152,99,3.6
254.5,0.013,153,100,3.6
255.0,0.013,153,100,3.6
255.5,0.013,153,100,4.2
256.0,0.013,154,100,4.2
256.5,0.011,154,100,3.6
257.0,0.011,154,100,3.6
257.5,0.013,154,99,3.6
258.0,0.01,155,99,3.0
258.5,0.01,155,100,3.6
259.0,0.01,155,100,3.6
259.5,0.011,156,99,3.6
260.0,0.01,156,99,3.6
260.5,0.011,156,99,3.6
261.0,0.011,156,99,3.6
261.5,0.011,157,100,3.6
262.0,0.011,157,100,3.0
262.5,0.013,157,99,3.0
263.0,0.01,158,100,3.0
263.5,0.01,158,100,3.0
264.0,0.008,158,100,3.0
264.5,0.011,159,100,3.0
265.0,0.01,159,99,3.0
265.5,0.013,159,99,1.8
266.0,0.013,160,100,1.8
266.5,0.013,160,100,1.8
267.0,0.013,160,100,1.2000000000000002
267.5,0.011,160,100,1.2000000000000002
268.0,0.011,161,100,1.2000000000000002
268.5,0.013,161,99,1.2000000000000002
269.0,0.01,161,99,1.2000000000000002
269.5,0.01,162,98,1.2000000000000002
270.0,0.011,162,98,1.2000000000000002
270.5,0.011,162,98,0.6000000000000001
271.0,0.01,163,98,0.0
271.5,0.01,163,98,0.0
272.0,0.008,163,98,0.0
272.5,0.008,163,98,0.0
273.0,0.01,164,98,0.0
273.5,0.011,164,98,0.0
274.0,0.011,164,98,0.0
274.5,0.013,165,98,0.0
275.0,0.015,165,98,0.0
275.5,0.011,165,98,0.0
276.0,0.011,165,99,0.0
276.5,0.011,166,99,0.0
277.0,0.011,166,99,0.0
277.5,0.011,166,100,0.0
278.0,0.011,167,100,0.0
278.5,0.011,167,101,0.0
279.0,0.011,167,101,0.0
279.5,0.013,168,100,0.0
280.0,0.013,168,100,0.0
280.5,0.01,168,100,0.0
281.0,0.01,168,100,0.0
281.5,0.01,169,99,1.8
282.0,0.01,169,99,3.0
282.5,0.01,169,99,3.6
283.0,0.011,170,100,3.6
283.5,0.011,170,100,3.6
284.0,0.01,170,100,3.6
284.5,0.008,171,99,3.0
285.0,0.01,171,99,3.0
285.5,0.01,171,99,3.0
286.0,0.013,171,98,3.0
286.5,0.013,172,99,3.6
287.0,0.015,172,99,3.6
287.5,0.013,172,99,3.6
288.0,0.011,173,99,4.2
288.5,0.011,173,100,4.2
289.0,0.01,173,100,4.2
289.5,0.01,174,100,4.2
290.0,0.01,174,100,3.6
290.5,0.01,174,100,3.6
291.0,0.011,175,100,3.6
291.5,0.01,175,100,3.6
292.0,0.01,175,100,4.2
292.5,0.01,175,99,3.6
293.0,0.011,176,99,3.6
293.5,0.008,176,100,3.6
294.0,0.01,176,100,3.6
294.5,0.008,177,100,3.0
295.0,0.011,177,100,3.0
295.5,0.011,177,100,3.0
296.0,0.01,177,101,2.4000000000000004
296.5,0.008,178,101,3.0
297.0,0.008,178,100,3.0
297.5,0.006,178,100,3.6
298.0,0.008,179,100,2.4000000000000004
298.5,0.008,179,100,1.8
299.0,0.011,179,101,1.8
299.5,0.013,180,101,1.2000000000000002
300.0,0.011,180,101,1.2000000000000002
300.5,0.01,180,101,1.2000000000000002
301.0,0.008,180,100,1.2000000000000002
301.5,0.008,181,99,1.2000000000000002
302.0,0.008,181,99,1.2000000000000002
302.5,0.006,181,99,1.2000000000000002
303.0,0.006,182,98,1.2000000000000002
303.5,0.008,182,98,0.0
304.0,0.01,182,98,0.0
304.5,0.011,183,98,0.0
305.0,0.011,183,98,0.0
305.5,0.011,183,99,0.0
306.0,0.01,184,99,0.0
306.5,0.011,184,98,0.0
307.0,0.01,184,98,0.0
307.5,0.011,184,98,0.0
308.0,0.011,185,99,0.0
308.5,0.011,185,99,0.0
309.0,0.008,185,100,0.0
309.5,0.008,186,100,0.0
310.0,0.008,186,101,0.0
310.5,0.01,186,101,0.0
311.0,0.01,186,102,0.0
311.5,0.01,187,102,0.0
312.0,0.011,187,101,0.0
312.5,0.011,187,101,0.0
313.0,0.013,188,101,0.0
313.5,0.011,188,100,0.0
314.0,0.01,188,100,1.2000000000000002
314.5,0.01,189,100,2.4000000000000004
315.0,0.006,189,100,3.6
315.5,0.006,189,101,3.6
316.0,0.006,190,101,3.6
316.5,0.01,190,100,3.0
317.0,0.011,190,100,3.0
317.5,0.011,190,99,3.0
318.0,0.008,191,99,3.0
318.5,0.01,191,99,3.0
319.0,0.008,191,99,3.0
319.5,0.008,192,99,3.6
320.0,0.011,192,100,3.6
320.5,0.011,192,100,3.6
321.0,0.01,193,100,4.2
321.5,0.01,193,100,4.2
322.0,0.01,193,101,3.6
322.5,0.01,193,100,3.6
323.0,0.008,194,100,3.0
323.5,0.008,194,100,3.0
324.0,0.005,194,100,3.6
324.5,0.006,195,100,3.6
325.0,0.008,195,100,3.0
325.5,0.011,195,100,3.0
326.0,0.01,196,100,3.6
326.5,0.011,196,100,3.0
327.0,0.01,196,100,3.0
327.5,0.01,196,101,3.0
328.0,0.008,197,100,2.4000000000000004
328.5,0.01,197,100,2.4000000000000004
329.0,0.01,197,101,2.4000000000000004
329.5,0.011,198,101,3.0
330.0,0.011,198,100,3.0
330.5,0.01,198,100,2.4000000000000004
331.0,0.008,199,100,1.8
331.5,0.011,199,101,1.2000000000000002
332.0,0.01,199,101,1.2000000000000002
332.5,0.011,199,101,1.2000000000000002
333.0,0.01,200,100,1.2000000000000002
333.5,0.01,200,100,1.2000000000000002
334.0,0.006,200,99,1.2000000000000002
334.5,0.01,201,99,1.2000000000000002
335.0,0.006,201,98,1.2000000000000002
335.5,0.006,201,98,1.2000000000000002
336.0,0.008,202,98,0.0
336.5,0.006,202,98,0.0
337.0,0.008,202,98,0.0
337.5,0.008,202,98,0.0
338.0,0.01,203,99,0.0
338.5,0.01,203,99,0.0
339.0,0.01,203,98,0.0
339.5,0.011,204,99,0.0
340.0,0.01,204,98,0.0
340.5,0.011,204,98,0.0
341.0,0.01,204,99,0.0
341.5,0.01,205,99,0.0
342.0,0.011,205,99,0.0
342.5,0.011,205,100,0.0
343.0,0.01,206,100,0.0
343.5,0.011,206,101,0.0
344.0,0.011,206,101,0.0
344.5,0.01,207,100,0.0
345.0,0.01,207,100,0.0
345.5,0.01,207,100,0.0
346.0,0.008,208,100,0.0
346.5,0.01,208,99,0.6000000000000001
347.0,0.01,208,99,2.4000000000000004
347.5,0.01,208,99,3.0
348.0,0.008,209,100,3.6
348.5,0.008,209,100,3.6
349.0,0.008,209,100,3.0
349.5,0.006,210,99,3.0
350.0,0.006,210,99,3.0
350.5,0.005,210,99,3.0
351.0,0.006,211,99,3.0
351.5,0.006,211,99,3.0
352.0,0.006,211,99,3.6
352.5,0.008,211,100,3.6
353.0,0.008,212,100,3.6
353.5,0.008,212,100,4.2
354.0,0.01,212,100,4.2
354.5,0.01,213,100,3.6
355.0,0.01,213,100,3.6
355.5,0.01,213,100,3.6
356.0,0.01,214,100,3.0
356.5,0.008,214,100,3.0
357.0,0.008,214,100,3.6
357.5,0.006,214,100,3.6
358.0,0.006,215,100,3.0
358.5,0.006,215,100,3.0
359.0,0.006,215,100,3.0
359.5,0.006,216,100,3.0
360.0,0.01,216,100,3.0
360.5,0.01,216,100,2.4000000000000004
361.0,0.01,217,100,2.4000000000000004
361.5,0.01,217,100,2.4000000000000004
362.0,0.008,217,100,3.0
362.5,0.006,217,100,3.0
363.0,0.008,218,100,2.4000000000000004
363.5,0.008,218,100,1.8
364.0,0.01,218,100,1.8
364.5,0.01,219,101,1.8
365.0,0.011,219,101,1.2000000000000002
365.5,0.008,219,101,1.2000000000000002
366.0,0.01,220,100,1.2000000000000002
366.5,0.01,220,99,0.6000000000000001
367.0,0.008,220,99,1.2000000000000002
367.5,0.006,220,99,1.2000000000000002
368.0,0.008,221,98,1.2000000000000002
368.5,0.008,221,98,0.6000000000000001
369.0,0.011,221,98,0.0
369.5,0.011,222,98,0.0
370.0,0.011,222,98,0.0
370.5,0.01,222,98,0.0
371.0,0.01,223,99,0.0
371.5,0.008,223,99,0.0
372.0,0.011,223,98,0.0
372.5,0.01,224,98,0.0
373.0,0.011,224,98,0.0
373.5,0.01,224,98,0.0
374.0,0.01,224,99,0.0
374.5,0.01,225,100,0.0
375.0,0.01,225,100,0.0
375.5,0.01,225,101,0.0
376.0,0.008,226,101,0.0
376.5,0.006,226,101,0.0
377.0,0.008,226,101,0.0
377.5,0.008,226,101,0.0
378.0,0.01,227,100,0.0
378.5,0.01,227,100,0.0
379.0,0.008,227,100,0.6000000000000001
379.5,0.006,228,99,1.8
380.0,0.008,228,100,3.0
380.5,0.008,228,100,3.6
381.0,0.01,229,100,3.6
381.5,0.01,229,100,3.0
382.0,0.01,229,100,3.0
382.5,0.01,229,99,3.0
383.0,0.01,230,99,2.4000000000000004
383.5,0.008,230,99,3.0
384.0,0.006,230,99,3.0
384.5,0.008,231,99,3.6
385.0,0.006,231,100,3.0
385.5,0.008,231,100,3.6
386.0,0.011,232,100,3.6
386.5,0.011,232,100,4.2
387.0,0.01,232,100,3.6
387.5,0.01,233,100,3.6
388.0,0.008,233,100,3.0
388.5,0.006,233,100,3.0
389.0,0.006,233,100,3.0
389.5,0.006,234,100,3.6
390.0,0.006,234,100,3.6
390.5,0.008,234,100,3.0
391.0,0.01,235,100,3.6
391.5,0.011,235,100,3.0
392.0,0.011,235,100,3.0
392.5,0.008,236,100,3.0
393.0,0.008,236,100,2.4000000000000004
393.5,0.006,236,100,2.4000000000000004
394.0,0.008,236,100,3.0
394.5,0.01,237,100,2.4000000000000004
395.0,0.008,237,100,3.0
395.5,0.008,237,100,3.0
396.0,0.008,238,100,1.8
396.5,0.008,238,100,1.8
397.0,0.008,238,101,1.2000000000000002
397.5,0.01,238,101,1.2000000000000002
398.0,0.008,239,100,1.2000000000000002
398.5,0.01,239,100,1.2000000000000002
399.0,0.008,239,99,1.2000000000000002
399.5,0.01,240,99,1.2000000000000002
400.0,0.008,240,99,1.2000000000000002
400.5,0.01,240,98,1.2000000000000002
401.0,0.006,241,98,1.2000000000000002
401.5,0.006,241,98,0.0
402.0,0.006,241,98,0.0
402.5,0.006,242,98,0.0
403.0,0.008,242,99,0.0
403.5,0.01,242,99,0.0
404.0,0.011,242,99,0.0
404.5,0.01,243,99,0.0
405.0,0.008,243,99,0.0
405.5,0.008,243,99,0.0
406.0,0.006,244,99,0.0
406.5,0.01,244,99,0.0
407.0,0.008,244,99,0.0
407.5,0.01,244,100,0.0
408.0,0.011,245,101,0.0
408.5,0.011,245,101,0.0
409.0,0.01,245,101,0.0
409.5,0.01,246,101,0.0
410.0,0.01,246,101,0.0
410.5,0.008,246,100,0.0
411.0,0.008,247,100,0.0
411.5,0.008,247,100,0.0
412.0,0.006,247,100,1.8
412.5,0.008,248,99,3.0
413.0,0.006,248,100,3.6
413.5,0.008,248,100,3.6
414.0,0.008,248,100,3.0
414.5,0.006,249,100,3.0
415.0,0.006,249,99,3.0
415.5,0.008,249,99,3.0
416.0,0.008,250,99,3.0
416.5,0.008,250,99,3.0
417.0,0.01,250,99,3.0
417.5,0.01,251,99,3.0
418.0,0.008,251,100,3.6
418.5,0.01,251,100,3.6
419.0,0.008,251,100,4.2
419.5,0.008,252,100,4.2
420.0,0.01,252,100,3.6
420.5,0.01,252,100,3.6
421.0,0.008,253,99,3.0
421.5,0.008,253,99,3.0
422.0,0.008,253,99,3.6
422.5,0.006,253,99,4.2
423.0,0.008,254,99,3.6
423.5,0.008,254,99,3.6
424.0,0.005,254,99,3.6
424.5,0.006,255,99,3.6
425.0,0.01,255,99,3.0
425.5,0.01,255,100,3.0
426.0,0.011,256,99,3.0
426.5,0.008,256,100,3.0
427.0,0.01,256,100,3.0
427.5,0.006,257,100,3.0
428.0,0.008,257,100,3.6
428.5,0.01,257,99,2.4000000000000004
429.0,0.01,257,100,1.8
429.5,0.008,258,100,1.2000000000000002
430.0,0.008,258,100,1.2000000000000002
430.5,0.008,258,100,1.2000000000000002
431.0,0.008,259,100,1.2000000000000002
431.5,0.008,259,99,1.2000000000000002
432.0,0.008,259,99,1.2000000000000002
432.5,0.006,260,98,1.2000000000000002
433.0,0.006,260,98,1.2000000000000002
433.5,0.008,260,98,1.2000000000000002
434.0,0.008,260,98,0.0
434.5,0.008,261,97,0.0
435.0,0.008,261,98,0.0
435.5,0.01,261,98,0.0
436.0,0.01,262,98,0.0
436.5,0.008,262,98,0.0
437.0,0.01,262,98,0.0
437.5,0.008,263,98,0.0
438.0,0.01,263,98,0.0
438.5,0.01,263,98,0.0
439.0,0.01,263,99,0.0
439.5,0.008,264,99,0.0
440.0,0.01,264,99,0.0
440.5,0.008,264,101,0.0
441.0,0.01,265,100,0.0
441.5,0.008,265,101,0.0
442.0,0.01,265,101,0.0
442.5,0.006,266,100,0.0
443.0,0.006,266,100,0.0
443.5,0.008,266,100,0.0
444.0,0.008,266,100,0.0
444.5,0.008,267,100,1.2000000000000002
445.0,0.008,267,99,2.4000000000000004
445.5,0.006,267,100,3.0
446.0,0.008,268,100,3.6
446.5,0.008,268,100,3.6
447.0,0.011,268,100,3.0
447.5,0.01,268,100,3.0
448.0,0.01,269,99,3.0
448.5,0.01,269,99,3.0
449.0,0.011,269,99,3.0
449.5,0.008,270,99,3.0
450.0,0.01,270,100,3.6
450.5,0.01,270,100,3.0
451.0,0.008,271,100,3.6
451.5,0.01,271,100,4.2
452.0,0.01,271,100,4.2
452.5,0.01,272,100,3.6
453.0,0.01,272,100,3.6
453.5,0.006,272,100,3.0
454.0,0.008,272,100,3.0
454.5,0.008,273,100,3.6
455.0,0.008,273,100,3.6
455.5,0.008,273,100,3.6
456.0,0.01,274,100,3.0
456.5,0.008,274,100,3.6
457.0,0.008,274,100,3.0
457.5,0.01,275,100,3.0
458.0,0.01,275,101,3.0
458.5,0.008,275,100,2.4000000000000004
459.0,0.01,275,100,2.4000000000000004
459.5,0.01,276,100,2.4000000000000004
460.0,0.01,276,100,2.4000000000000004
460.5,0.01,276,100,3.0
461.0,0.01,277,100,2.4000000000000004
461.5,0.01,277,100,1.8
462.0,0.01,277,100,1.2000000000000002
462.5,0.008,278,101,1.2000000000000002
463.0,0.01,278,101,1.2000000000000002
463.5,0.008,279,99,1.2000000000000002
464.0,0.008,279,99,0.6000000000000001
464.5,0.008,279,98,1.2000000000000002
465.0,0.008,280,98,1.2000000000000002
465.5,0.008,280,98,0.0
466.0,0.006,280,98,0.0
466.5,0.006,281,98,0.0
467.0,0.006,281,98,0.0
467.5,0.01,281,99,0.0
468.0,0.008,281,99,0.0
468.5,0.01,282,98,0.0
469.0,0.008,282,99,0.0
469.5,0.01,282,99,0.0
470.0,0.008,283,99,0.0
470.5,0.01,283,99,0.0
471.0,0.008,283,100,0.0
471.5,0.008,284,99,0.0
472.0,0.01,284,100,0.0
472.5,0.01,284,101,0.0
473.0,0.008,284,101,0.0
473.5,0.008,285,101,0.0
474.0,0.008,285,100,0.0
474.5,0.008,285,100,0.0
475.0,0.008,286,100,0.0
475.5,0.008,286,100,0.0
476.0,0.008,286,99,0.6000000000000001
476.5,0.008,287,99,2.4000000000000004
477.0,0.008,287,99,3.6
477.5,0.008,287,100,3.6
478.0,0.008,287,100,3.6
478.5,0.008,288,100,3.0
479.0,0.006,288,99,3.0
479.5,0.008,288,99,3.0
480.0,0.006,289,99,3.0
480.5,0.008,289,98,3.0
481.0,0.01,289,98,3.0
481.5,0.011,290,98,3.6
482.0,0.008,290,99,3.6
482.5,0.011,290,99,4.2
483.0,0.008,290,99,4.2
483.5,0.008,291,99,4.2
484.0,0.01,291,99,4.2
484.5,0.01,291,100,3.6
485.0,0.008,292,99,3.6
485.5,0.01,292,99,3.6
486.0,0.008,292,99,3.6
486.5,0.008,293,99,3.6
487.0,0.008,293,99,3.6
487.5,0.008,293,99,3.6
488.0,0.008,294,99,3.6
488.5,0.01,294,99,3.0
489.0,0.008,294,100,3.0
489.5,0.01,295,99,3.0
490.0,0.01,295,100,2.4000000000000004
490.5,0.008,295,100,3.0
491.0,0.008,296,100,3.0
491.5,0.008,296,100,3.6
492.0,0.008,296,100,3.0
492.5,0.01,296,100,2.4000000000000004
493.0,0.008,297,100,1.8
493.5,0.01,297,100,1.8
494.0,0.01,297,101,1.2000000000000002
494.5,0.01,298,100,1.2000000000000002
495.0,0.008,298,100,1.2000000000000002
495.5,0.01,298,99,1.2000000000000002
496.0,0.006,299,99,1.2000000000000002
496.5,0.006,299,98,1.2000000000000002
497.0,0.008,299,98,1.2000000000000002
497.5,0.008,299,98,1.2000000000000002
498.0,0.008,300,98,0.0
498.5,0.01,300,98,0.0
499.0,0.008,300,98,0.0
499.5,0.008,301,98,0.0
500.0,0.006,301,99,0.0
500.5,0.01,301,99,0.0
501.0,0.01,302,98,0.0
501.5,0.011,302,99,0.0
502.0,0.01,302,98,0.0
502.5,0.01,302,99,0.0
503.0,0.008,303,99,0.0
503.5,0.01,303,100,0.0
504.0,0.008,303,100,0.0
504.5,0.01,304,100,0.0
505.0,0.008,304,101,0.0
505.5,0.008,304,101,0.0
506.0,0.01,305,101,0.0
506.5,0.011,305,101,0.0
507.0,0.008,305,100,0.0
507.5,0.008,306,100,0.0
508.0,0.008,306,99,1.8
508.5,0.006,306,99,3.0
509.0,0.008,307,100,3.6
509.5,0.01,307,100,3.6
510.0,0.01,307,100,3.6
510.5,0.01,307,100,3.0
511.0,0.011,308,99,3.0
511.5,0.01,308,99,3.0
512.0,0.01,308,99,3.0
512.5,0.008,309,99,3.0
513.0,0.011,309,99,3.6
513.5,0.01,309,99,3.6
514.0,0.011,310,100,3.6
514.5,0.01,310,100,4.2
515.0,0.01,310,100,4.2
515.5,0.008,311,100,4.2
516.0,0.008,311,100,3.6
516.5,0.006,311,100,3.6
517.0,0.008,311,100,3.0
517.5,0.008,312,99,3.0
518.0,0.006,312,99,3.6
518.5,0.006,312,100,4.2
519.0,0.011,313,100,3.6
519.5,0.01,313,99,3.6
520.0,0.011,313,100,3.6
520.5,0.011,314,99,3.6
521.0,0.008,314,100,3.0
521.5,0.006,314,100,3.0
522.0,0.008,314,100,3.0
522.5,0.006,315,100,2.4000000000000004
523.0,0.006,315,100,3.0
523.5,0.01,315,100,3.0
524.0,0.008,316,100,3.0
524.5,0.008,316,100,2.4000000000000004
525.0,0.008,316,100,1.8
525.5,0.008,316,100,1.8
526.0,0.008,317,101,1.2000000000000002
526.5,0.008,317,101,1.2000000000000002
527.0,0.01,317,100,1.2000000000000002
527.5,0.008,318,99,1.2000000000000002
528.0,0.01,318,99,1.2000000000000002
528.5,0.008,318,99,1.2000000000000002
529.0,0.006,319,98,1.2000000000000002
529.5,0.006,319,98,1.2000000000000002
530.0,0.006,319,98,0.0
530.5,0.006,320,98,0.0
531.0,0.008,320,98,0.0
531.5,0.01,320,98,0.0
532.0,0.01,320,98,0.0
532.5,0.011,321,98,0.0
533.0,0.01,321,98,0.0
533.5,0.006,322,98,0.0
534.0,0.008,322,98,0.0
534.5,0.008,322,99,0.0
535.0,0.008,322,99,0.0
535.5,0.008,323,99,0.0
536.0,0.011,323,100,0.0
536.5,0.008,323,100,0.0
537.0,0.01,324,101,0.0
537.5,0.008,324,101,0.0
538.0,0.008,324,100,0.0
538.5,0.008,325,100,0.0
539.0,0.01,325,100,0.0
539.5,0.008,325,100,0.0
540.0,0.01,326,99,1.2000000000000002
540.5,0.008,326,99,3.0
541.0,0.01,326,99,3.6
541.5,0.006,326,100,3.6
542.0,0.008,327,100,3.6
542.5,0.008,327,100,3.6
543.0,0.01,327,99,3.0
543.5,0.008,328,99,3.0
544.0,0.01,328,99,3.0
544.5,0.006,328,99,3.0
545.0,0.01,328,99,3.0
545.5,0.01,329,99,3.6
546.0,0.011,329,99,3.6
546.5,0.008,329,99,3.6
547.0,0.011,330,99,4.2
547.5,0.008,330,100,4.2
548.0,0.008,330,100,4.2
548.5,0.008,331,100,3.6
549.0,0.008,331,99,3.6
549.5,0.008,331,99,3.6
550.0,0.008,331,99,3.6
550.5,0.005,332,100,3.6
551.0,0.005,332,100,3.6
551.5,0.005,332,99,3.6
552.0,0.008,333,99,3.6
552.5,0.006,333,100,3.6
553.0,0.008,333,100,3.6
553.5,0.006,334,100,3.0
554.0,0.006,334,100,3.0
554.5,0.008,334,100,3.0
555.0,0.008,335,100,3.0
555.5,0.008,335,101,3.0
556.0,0.006,335,100,3.0
556.5,0.006,335,100,2.4000000000000004
557.0,0.005,336,100,1.8
557.5,0.006,336,100,1.8
558.0,0.008,336,100,1.2000000000000002
558.5,0.008,337,100,1.2000000000000002
559.0,0.008,337,100,1.2000000000000002
559.5,0.01,337,99,1.2000000000000002
560.0,0.008,338,99,1.2000000000000002
560.5,0.008,338,98,1.2000000000000002
561.0,0.006,338,98,1.2000000000000002
561.5,0.005,338,97,1.2000000000000002
562.0,0.005,339,98,0.6000000000000001
562.5,0.006,339,97,0.0
563.0,0.006,339,98,0.0
563.5,0.008,340,98,0.0
564.0,0.006,340,98,0.0
564.5,0.008,340,98,0.0
565.0,0.008,340,98,0.0
565.5,0.01,341,98,0.0
566.0,0.01,341,98,0.0
566.5,0.008,341,98,0.0
567.0,0.008,342,99,0.0
567.5,0.006,342,99,0.0
568.0,0.005,342,99,0.0
568.5,0.008,343,100,0.0
569.0,0.006,343,101,0.0
569.5,0.01,343,101,0.0
570.0,0.008,343,101,0.0
570.5,0.01,344,101,0.0
571.0,0.01,344,100,0.0
571.5,0.008,344,100,0.0
572.0,0.006,345,100,0.0
572.5,0.008,345,100,0.0
573.0,0.006,345,99,1.8
573.5,0.006,346,99,3.0
574.0,0.008,346,100,3.6
574.5,0.008,346,100,3.6
575.0,0.008,346,100,3.0
575.5,0.01,347,100,3.0
576.0,0.008,347,99,3.0
576.5,0.01,347,99,2.4000000000000004
577.0,0.006,348,99,3.0
577.5,0.006,348,99,3.0
578.0,0.008,348,99,3.6
578.5,0.01,349,100,3.6
579.0,0.008,349,100,3.6
579.5,0.01,349,100,4.2
580.0,0.006,350,100,4.2
580.5,0.006,350,100,4.2
581.0,0.005,350,100,3.6
581.5,0.006,350,100,3.0
582.0,0.008,351,100,3.0
582.5,0.006,351,100,3.0
583.0,0.006,351,100,3.6
583.5,0.008,352,100,3.6
584.0,0.008,352,100,3.0
584.5,0.008,352,100,3.0
585.0,0.01,352,100,3.6
585.5,0.008,353,100,3.6
586.0,0.006,353,100,3.0
586.5,0.006,353,100,3.0
587.0,0.005,354,100,3.0
587.5,0.008,354,100,3.0
588.0,0.008,354,100,3.0
588.5,0.008,355,100,3.0
589.0,0.006,355,100,3.0
589.5,0.005,355,100,2.4000000000000004
590.0,0.005,355,100,1.8
590.5,0.005,356,100,1.2000000000000002
591.0,0.006,356,101,1.2000000000000002
591.5,0.008,356,100,1.2000000000000002
592.0,0.008,357,100,1.2000000000000002
592.5,0.006,357,99,1.2000000000000002
593.0,0.006,357,99,0.6000000000000001
593.5,0.006,358,98,1.2000000000000002
594.0,0.01,358,98,1.2000000000000002
594.5,0.006,358,98,1.2000000000000002
595.0,0.005,359,98,0.0
595.5,0.005,359,98,0.0
596.0,0.006,359,98,0.0
596.5,0.006,359,98,0.0
597.0,0.008,360,98,0.0
597.5,0.01,360,99,0.0
598.0,0.008,360,98,0.0
598.5,0.006,361,99,0.0
599.0,0.006,361,98,0.0
599.5,0.006,361,99,0.0
600.0,0.008,361,99,0.0
600.5,0.008,362,99,0.0
601.0,0.006,362,100,0.0
601.5,0.005,362,101,0.0
602.0,0.008,363,101,0.0
602.5,0.008,363,101,0.0
603.0,0.008,363,101,0.0
603.5,0.006,364,101,0.0
604.0,0.005,364,100,0.0
604.5,0.006,364,100,0.0
605.0,0.01,365,100,0.0
605.5,0.008,365,100,1.2000000000000002
606.0,0.008,365,99,3.0
606.5,0.006,365,100,3.6
607.0,0.006,366,100,3.6
607.5,0.006,366,100,3.6
608.0,0.006,366,100,3.0
608.5,0.006,367,99,3.0
609.0,0.01,367,99,2.4000000000000004
609.5,0.006,367,99,3.0
610.0,0.008,367,99,3.0
610.5,0.006,368,99,3.6
611.0,0.008,368,100,3.6
611.5,0.008,368,100,3.6
612.0,0.01,369,100,4.2
612.5,0.006,369,100,4.2
613.0,0.008,369,100,4.2
613.5,0.006,370,100,3.6
614.0,0.01,370,100,3.0
614.5,0.008,370,100,3.0
615.0,0.008,370,100,3.0
615.5,0.006,371,100,3.6
616.0,0.006,371,99,3.6
616.5,0.006,371,99,3.6
617.0,0.006,372,99,3.6
617.5,0.006,372,99,3.6
618.0,0.006,372,100,3.0
618.5,0.01,373,100,3.0
619.0,0.008,373,100,3.0
619.5,0.008,373,100,3.0
620.0,0.008,374,100,3.0
620.5,0.005,374,100,3.0
621.0,0.006,374,100,3.0
621.5,0.008,374,100,3.6
622.0,0.006,375,100,2.4000000000000004
622.5,0.008,375,100,1.8
623.0,0.01,375,100,1.8
623.5,0.008,376,101,1.2000000000000002
624.0,0.008,376,100,1.2000000000000002
624.5,0.008,376,100,1.2000000000000002
625.0,0.006,376,99,1.2000000000000002
625.5,0.008,377,99,1.2000000000000002
626.0,0.006,377,98,1.2000000000000002
626.5,0.006,377,98,1.2000000000000002
627.0,0.008,378,98,1.2000000000000002
627.5,0.008,378,98,0.0
628.0,0.006,378,98,0.0
628.5,0.006,379,98,0.0
629.0,0.006,379,98,0.0
629.5,0.005,379,99,0.0
630.0,0.005,379,99,0.0
630.5,0.006,380,98,0.0
631.0,0.008,380,99,0.0
631.5,0.01,380,99,0.0
632.0,0.008,381,99,0.0
632.5,0.01,381,99,0.0
633.0,0.008,381,99,0.0
633.5,0.008,382,100,0.0
634.0,0.008,382,101,0.0
634.5,0.006,382,101,0.0
635.0,0.008,382,101,0.0
635.5,0.008,383,101,0.0
636.0,0.008,383,100,0.0
636.5,0.008,383,100,0.0
637.0,0.008,384,100,0.0
637.5,0.008,384,100,0.0
638.0,0.008,384,99,1.2000000000000002
638.5,0.006,385,99,2.4000000000000004
639.0,0.006,385,100,3.6
639.5,0.006,385,100,3.6
640.0,0.008,385,100,3.6
640.5,0.006,386,100,3.6
641.0,0.008,386,100,3.0
641.5,0.008,386,99,3.0
642.0,0.005,387,99,3.0
642.5,0.006,387,99,3.0
643.0,0.006,387,99,3.0
643.5,0.008,388,99,3.6
644.0,0.008,388,99,3.6
644.5,0.01,388,99,4.2
645.0,0.008,389,100,4.2
645.5,0.008,389,100,4.2
646.0,0.008,389,100,4.2
646.5,0.008,389,100,3.6
647.0,0.006,390,99,3.6
647.5,0.006,390,99,3.6
648.0,0.005,390,99,3.6
648.5,0.006,390,100,4.2
649.0,0.005,391,99,3.6
649.5,0.008,391,99,3.6
650.0,0.006,391,99,3.6
650.5,0.01,392,99,3.6
651.0,0.008,392,99,3.6
651.5,0.01,392,100,3.0
652.0,0.008,393,100,3.0
652.5,0.01,393,100,3.0
653.0,0.008,393,100,3.0
653.5,0.008,394,100,3.0
654.0,0.008,394,100,3.6
654.5,0.008,394,100,3.0
655.0,0.006,394,100,2.4000000000000004
655.5,0.01,395,100,1.8
656.0,0.006,395,100,1.8
656.5,0.008,395,101,1.2000000000000002
657.0,0.006,396,100,1.2000000000000002
657.5,0.008,396,100,1.2000000000000002
658.0,0.008,396,99,1.2000000000000002
658.5,0.01,397,99,1.2000000000000002
659.0,0.008,397,98,1.2000000000000002
659.5,0.008,397,98,1.2000000000000002
660.0,0.008,398,98,0.6000000000000001
660.5,0.008,398,98,0.0
661.0,0.006,398,98,0.0
661.5,0.013,398,98,0.0
662.0,0.011,399,98,0.0
662.5,0.01,399,98,0.0
663.0,0.01,399,98,0.0
663.5,0.008,400,98,0.0
664.0,0.008,400,98,0.0
664.5,0.006,400,98,0.0
665.0,0.006,400,99,0.0
665.5,0.005,401,99,0.0
666.0,0.008,401,99,0.0
666.5,0.006,401,100,0.0
667.0,0.006,402,101,0.0
667.5,0.006,402,101,0.0
668.0,0.008,402,102,0.0
668.5,0.006,403,101,0.0
669.0,0.01,403,101,0.0
669.5,0.01,403,100,0.0
670.0,0.01,404,101,0.0
670.5,0.01,404,100,1.2000000000000002
671.0,0.01,404,99,1.8
671.5,0.008,404,100,3.0
672.0,0.008,405,100,3.6
672.5,0.008,405,101,3.6
673.0,0.008,405,100,3.0
673.5,0.006,406,100,3.0
674.0,0.01,406,100,2.4000000000000004
674.5,0.01,406,100,3.0
675.0,0.01,406,99,3.0
675.5,0.01,407,99,3.0
676.0,0.008,407,99,3.0
676.5,0.006,407,100,3.6
677.0,0.008,408,100,3.6
677.5,0.006,408,100,4.2
678.0,0.008,408,100,4.2
678.5,0.008,409,100,3.6
679.0,0.01,409,100,3.6
679.5,0.01,409,100,3.0
680.0,0.011,409,100,3.0
680.5,0.008,410,100,3.6
681.0,0.01,410,100,3.6
681.5,0.006,410,100,3.6
682.0,0.008,411,100,3.6
682.5,0.008,411,100,3.6
683.0,0.01,411,100,3.6
683.5,0.01,412,100,3.0
684.0,0.011,412,100,3.0
684.5,0.01,412,100,3.0
685.0,0.01,413,100,3.0
685.5,0.008,413,100,3.0
686.0,0.008,413,100,3.0
686.5,0.008,413,100,3.0
687.0,0.011,414,100,3.0
687.5,0.011,414,100,2.4000000000000004
688.0,0.011,414,100,1.8
688.5,0.01,415,100,1.8
689.0,0.011,415,101,1.2000000000000002
689.5,0.01,415,100,1.2000000000000002
690.0,0.01,416,100,1.2000000000000002
690.5,0.01,416,99,0.6000000000000001
691.0,0.01,416,99,0.6000000000000001
691.5,0.006,416,98,0.6000000000000001
692.0,0.01,417,98,1.2000000000000002
692.5,0.01,417,98,1.2000000000000002
693.0,0.01,417,98,0.0
693.5,0.01,418,98,0.0
694.0,0.01,418,98,0.0
694.5,0.008,418,98,0.0
695.0,0.008,418,99,0.0
695.5,0.008,419,99,0.0
696.0,0.01,421,99,0.0
696.5,0.008,421,100,0.0
697.0,0.01,421,101,0.0
697.5,0.01,422,101,0.0
698.0,0.011,422,101,0.0
698.5,0.013,422,101,0.0
699.0,0.011,422,100,0.0
699.5,0.01,423,100,0.0
700.0,0.01,423,100,0.0
700.5,0.008,423,100,0.0
701.0,0.008,424,99,1.8
701.5,0.008,424,100,3.0
702.0,0.008,424,100,3.6
702.5,0.008,425,101,3.6
703.0,0.013,425,101,3.6
703.5,0.011,425,100,3.0
704.0,0.01,425,100,3.0
704.5,0.008,426,99,3.0
705.0,0.008,426,99,3.0
705.5,0.01,426,99,3.0
706.0,0.01,427,99,3.6
706.5,0.008,427,100,3.6
707.0,0.01,427,100,3.6
707.5,0.011,428,100,4.2
708.0,0.01,428,100,4.2
708.5,0.01,428,100,4.2
709.0,0.01,428,101,3.6
709.5,0.008,429,101,3.0
710.0,0.006,429,100,3.0
710.5,0.008,429,100,3.0
711.0,0.011,430,100,3.6
711.5,0.01,430,100,3.6
712.0,0.01,430,100,3.0
712.5,0.01,431,100,3.0
713.0,0.01,431,100,3.0
713.5,0.011,431,100,3.0
714.0,0.011,431,100,3.0
714.5,0.01,432,101,2.4000000000000004
715.0,0.01,432,101,2.4000000000000004
715.5,0.01,432,101,2.4000000000000004
716.0,0.013,433,101,3.0
716.5,0.013,433,100,3.0
717.0,0.011,433,100,3.0
717.5,0.011,434,100,1.8
718.0,0.011,434,100,1.8
718.5,0.011,434,101,1.2000000000000002
719.0,0.01,434,101,1.2000000000000002
719.5,0.01,435,101,1.2000000000000002
720.0,0.01,435,100,1.2000000000000002
720.5,0.01,435,100,0.6000000000000001
721.0,0.01,436,99,1.2000000000000002
721.5,0.008,436,99,1.2000000000000002
722.0,0.01,436,98,1.2000000000000002
722.5,0.01,437,98,1.2000000000000002
723.0,0.008,437,98,0.0
723.5,0.008,437,98,0.0
724.0,0.011,438,98,0.0
724.5,0.011,438,98,0.0
725.0,0.015,438,99,0.0
725.5,0.013,438,99,0.0
726.0,0.013,439,98,0.0
726.5,0.013,439,98,0.0
727.0,0.013,439,98,0.0
727.5,0.011,440,99,0.0
728.0,0.011,440,99,0.0
728.5,0.011,440,99,0.0
729.0,0.011,440,100,0.0
729.5,0.011,441,101,0.0
730.0,0.011,441,101,0.0
730.5,0.01,441,101,0.0
731.0,0.011,442,101,0.0
731.5,0.008,442,101,0.0
732.0,0.01,442,100,0.0
732.5,0.011,443,100,0.0
733.0,0.011,443,100,0.0
733.5,0.01,443,99,1.8
734.0,0.013,443,100,3.0
734.5,0.01,444,100,3.6
735.0,0.013,444,101,3.6
735.5,0.01,444,100,3.6
736.0,0.01,445,100,3.0
736.5,0.01,445,100,3.0
737.0,0.013,445,99,3.0
737.5,0.011,446,99,3.0
738.0,0.011,446,99,3.0
738.5,0.011,446,99,3.0
739.0,0.011,447,100,3.6
739.5,0.01,447,100,3.6
740.0,0.013,447,100,4.2
740.5,0.01,447,100,4.2
741.0,0.011,448,100,3.6
741.5,0.011,448,100,3.6
742.0,0.011,448,100,3.0
742.5,0.01,449,100,3.0
743.0,0.013,449,100,3.0
743.5,0.01,449,100,3.6
744.0,0.01,450,100,3.6
744.5,0.011,450,100,3.6
745.0,0.01,450,99,3.6
745.5,0.011,450,100,3.6
746.0,0.015,451,100,3.6
746.5,0.013,451,100,3.0
747.0,0.011,451,100,3.0
747.5,0.011,452,100,2.4000000000000004
748.0,0.01,452,100,2.4000000000000004
748.5,0.008,452,100,3.0
749.0,0.008,452,100,3.0
749.5,0.01,453,100,3.0
750.0,0.011,453,100,2.4000000000000004
750.5,0.013,453,100,1.8
751.0,0.013,454,100,1.8
751.5,0.013,454,101,1.2000000000000002
752.0,0.013,454,100,1.2000000000000002
752.5,0.011,455,100,1.2000000000000002
753.0,0.01,455,99,1.2000000000000002
753.5,0.01,455,99,1.2000000000000002
754.0,0.006,456,98,1.2000000000000002
754.5,0.008,456,98,1.2000000000000002
755.0,0.01,456,98,1.2000000000000002
755.5,0.011,456,98,0.0
756.0,0.01,457,98,0.0
756.5,0.011,457,98,0.0
757.0,0.01,457,98,0.0
757.5,0.01,458,98,0.0
758.0,0.01,458,98,0.0
758.5,0.011,458,98,0.0
759.0,0.011,458,98,0.0
759.5,0.011,459,98,0.0
760.0,0.01,459,98,0.0
760.5,0.011,459,99,0.0
761.0,0.01,460,99,0.0
761.5,0.01,460,99,0.0
762.0,0.01,460,100,0.0
762.5,0.01,461,101,0.0
763.0,0.011,461,101,0.0
763.5,0.013,461,101,0.0
764.0,0.013,462,100,0.0
764.5,0.015,462,100,0.0
765.0,0.011,462,100,0.0
765.5,0.013,462,100,0.0
766.0,0.01,463,99,1.2000000000000002
766.5,0.01,463,99,2.4000000000000004
767.0,0.008,463,99,3.0
767.5,0.011,464,100,3.6
768.0,0.01,464,100,3.6
768.5,0.011,464,100,3.6
769.0,0.011,465,99,3.0
769.5,0.01,465,99,3.0
770.0,0.008,465,99,3.0
770.5,0.01,465,99,3.0
771.0,0.01,466,99,3.6
771.5,0.011,466,99,3.6
772.0,0.013,466,100,3.6
772.5,0.015,467,100,4.2
773.0,0.015,467,100,4.2
773.5,0.016,467,100,4.2
774.0,0.011,467,100,3.6
774.5,0.011,468,100,3.6
775.0,0.011,468,100,3.0
775.5,0.01,468,100,3.0
776.0,0.01,469,100,3.6
776.5,0.01,469,100,3.6
777.0,0.01,469,100,3.6
777.5,0.01,470,99,3.0
778.0,0.013,470,100,3.6
778.5,0.011,470,100,3.0
779.0,0.01,471,99,3.0
779.5,0.01,471,100,3.0
780.0,0.01,471,100,3.0
780.5,0.011,471,100,2.4000000000000004
781.0,0.013,472,100,3.0
781.5,0.013,472,100,3.0
782.0,0.013,472,100,3.0
782.5,0.013,473,99,2.4000000000000004
783.0,0.01,473,99,1.8
783.5,0.01,473,100,1.8
784.0,0.011,473,100,1.8
784.5,0.013,474,100,1.2000000000000002
785.0,0.011,474,100,1.2000000000000002
785.5,0.011,474,99,0.6000000000000001
786.0,0.01,475,99,0.6000000000000001
786.5,0.01,475,98,0.6000000000000001
787.0,0.011,475,98,0.6000000000000001
787.5,0.01,476,97,1.2000000000000002
788.0,0.008,476,97,0.0
788.5,0.008,476,97,0.0
789.0,0.011,477,97,0.0
789.5,0.013,477,97,0.0
790.0,0.015,477,98,0.0
790.5,0.013,477,98,0.0
791.0,0.013,478,97,0.0
791.5,0.011,478,98,0.0
792.0,0.011,478,98,0.0
792.5,0.011,479,98,0.0
793.0,0.011,479,98,0.0
793.5,0.01,479,99,0.0
794.0,0.013,479,99,0.0
794.5,0.013,480,99,0.0
795.0,0.015,480,100,0.0
795.5,0.013,480,100,0.0
796.0,0.011,481,100,0.0
796.5,0.01,481,100,0.0
797.0,0.01,481,100,0.0
797.5,0.011,482,100,0.0
798.0,0.011,482,100,0.0
798.5,0.013,482,99,0.0
799.0,0.013,482,99,2.4000000000000004
799.5,0.013,483,99,3.0
800.0,0.011,483,99,3.6
800.5,0.01,483,100,3.6
801.0,0.011,484,100,3.6
801.5,0.01,484,99,3.0
802.0,0.011,484,99,3.0
802.5,0.011,485,99,3.0
803.0,0.015,485,98,3.0
803.5,0.015,485,98,3.0
804.0,0.013,485,98,3.6
804.5,0.013,486,99,3.6
805.0,0.011,486,99,3.6
805.5,0.011,486,99,4.2
806.0,0.01,487,99,4.2
806.5,0.011,487,99,4.2
807.0,0.013,487,100,3.6
807.5,0.013,487,99,3.6
808.0,0.011,488,99,3.6
808.5,0.013,488,99,3.6
809.0,0.01,488,99,3.6
809.5,0.01,489,99,3.6
810.0,0.011,489,99,3.6
810.5,0.013,490,99,3.6
811.0,0.013,490,99,3.6
811.5,0.013,490,99,3.0
812.0,0.015,491,99,3.0
812.5,0.013,491,100,3.0
813.0,0.013,491,99,3.0
813.5,0.011,491,100,3.0
814.0,0.011,492,100,3.0
814.5,0.01,492,100,3.6
815.0,0.013,492,100,2.4000000000000004
815.5,0.013,493,100,1.8
816.0,0.015,493,100,1.8
816.5,0.013,493,101,1.2000000000000002
817.0,0.015,494,101,1.2000000000000002
817.5,0.013,494,100,1.2000000000000002
818.0,0.013,494,100,1.2000000000000002
818.5,0.011,494,99,1.2000000000000002
819.0,0.011,495,99,1.2000000000000002
819.5,0.01,495,98,1.2000000000000002
820.0,0.011,495,98,1.2000000000000002
820.5,0.011,496,98,0.0
821.0,0.013,496,98,0.0
821.5,0.013,496,98,0.0
822.0,0.011,496,98,0.0
822.5,0.011,497,99,0.0
823.0,0.013,497,99,0.0
823.5,0.013,497,98,0.0
824.0,0.015,498,99,0.0
824.5,0.015,498,98,0.0
825.0,0.013,498,99,0.0
825.5,0.011,499,99,0.0
826.0,0.013,499,99,0.0
826.5,0.011,499,100,0.0
827.0,0.011,500,101,0.0
827.5,0.013,500,101,0.0
828.0,0.013,500,101,0.0
828.5,0.013,500,101,0.0
829.0,0.013,501,101,0.0
829.5,0.013,501,100,0.0
830.0,0.013,501,100,0.0
830.5,0.011,502,100,0.0
831.0,0.011,502,99,1.2000000000000002
831.5,0.011,502,99,2.4000000000000004
832.0,0.01,502,100,3.6
832.5,0.011,503,100,3.6
833.0,0.011,503,100,3.6
833.5,0.011,503,100,3.0
834.0,0.013,504,100,3.0
834.5,0.011,504,99,3.0
835.0,0.011,504,99,2.4000000000000004
835.5,0.011,505,99,3.0
836.0,0.01,505,99,3.0
836.5,0.011,505,100,3.6
837.0,0.011,506,100,3.6
837.5,0.011,506,100,3.6
838.0,0.013,506,100,4.2
838.5,0.013,506,100,4.2
839.0,0.013,507,100,3.6
839.5,0.011,507,100,3.6
840.0,0.011,507,100,3.6
840.5,0.01,508,100,3.0
841.0,0.01,508,100,3.6
841.5,0.01,508,100,4.2
842.0,0.01,509,100,3.6
842.5,0.01,509,100,3.6
843.0,0.01,509,100,3.6
843.5,0.011,509,100,3.6
844.0,0.011,510,100,3.0
844.5,0.01,510,100,3.0
845.0,0.01,510,100,3.0
845.5,0.011,511,100,3.0
846.0,0.01,511,101,3.0
846.5,0.013,511,101,3.0
847.0,0.013,512,100,3.6
847.5,0.013,512,100,2.4000000000000004
848.0,0.01,512,100,1.8
848.5,0.011,512,100,1.8
849.0,0.01,513,101,1.2000000000000002
849.5,0.011,513,101,1.2000000000000002
850.0,0.011,513,100,1.2000000000000002
850.5,0.01,514,100,1.2000000000000002
851.0,0.01,514,99,1.2000000000000002
851.5,0.01,514,99,1.2000000000000002
852.0,0.01,515,98,1.2000000000000002
852.5,0.008,515,98,1.2000000000000002
853.0,0.008,515,98,0.0
853.5,0.008,516,98,0.0
854.0,0.008,516,98,0.0
854.5,0.01,516,98,0.0
855.0,0.008,516,99,0.0
855.5,0.01,517,99,0.0
856.0,0.013,517,98,0.0
856.5,0.013,517,98,0.0
857.0,0.011,518,99,0.0
857.5,0.01,518,99,0.0
858.0,0.013,518,99,0.0
858.5,0.011,519,99,0.0
859.0,0.013,519,101,0.0
859.5,0.013,519,101,0.0
860.0,0.011,520,101,0.0
860.5,0.01,520,101,0.0
861.0,0.011,520,100,0.0
861.5,0.01,521,100,0.0
862.0,0.01,521,100,0.0
862.5,0.008,521,100,0.0
863.0,0.01,521,100,1.2000000000000002
863.5,0.006,522,99,3.0
864.0,0.01,522,100,3.6
864.5,0.01,522,100,3.6
865.0,0.011,523,100,3.6
865.5,0.01,523,100,3.0
866.0,0.01,523,100,3.0
866.5,0.01,524,99,3.0
867.0,0.011,524,99,3.0
867.5,0.013,524,99,3.0
868.0,0.013,524,99,3.0
868.5,0.011,525,99,3.6
869.0,0.01,525,100,3.6
869.5,0.008,525,100,4.2
870.0,0.01,526,100,4.2
870.5,0.01,526,100,4.2
871.0,0.011,526,101,3.6
871.5,0.013,527,100,3.6
872.0,0.011,527,100,3.0
872.5,0.01,527,100,3.0
873.0,0.011,527,100,3.6
873.5,0.01,528,100,3.6
874.0,0.011,528,100,3.6
874.5,0.01,528,99,3.0
875.0,0.01,529,100,3.6
875.5,0.008,529,101,3.6
876.0,0.01,529,100,3.0
876.5,0.011,530,100,3.0
877.0,0.01,530,100,3.0
877.5,0.008,530,100,2.4000000000000004
878.0,0.006,530,101,2.4000000000000004
878.5,0.006,531,101,3.0
879.0,0.01,531,100,2.4000000000000004
879.5,0.011,532,100,1.8
880.0,0.011,532,101,1.8
880.5,0.011,532,101,1.2000000000000002
881.0,0.01,533,101,1.2000000000000002
881.5,0.008,533,101,1.2000000000000002
882.0,0.008,533,100,1.2000000000000002
882.5,0.008,534,100,1.2000000000000002
883.0,0.006,534,99,1.2000000000000002
883.5,0.008,534,99,1.2000000000000002
884.0,0.01,534,98,1.2000000000000002
884.5,0.011,535,98,0.6000000000000001
885.0,0.011,535,98,0.0
885.5,0.011,535,98,0.0
886.0,0.01,536,98,0.0
886.5,0.01,536,99,0.0
887.0,0.01,536,99,0.0
887.5,0.01,536,98,0.0
888.0,0.01,537,99,0.0
888.5,0.008,537,98,0.0
889.0,0.006,537,99,0.0
889.5,0.008,538,99,0.0
890.0,0.006,538,99,0.0
890.5,0.008,538,99,0.0
891.0,0.01,539,100,0.0
891.5,0.008,539,101,0.0
892.0,0.008,539,101,0.0
892.5,0.01,540,101,0.0
893.0,0.01,540,100,0.0
893.5,0.01,540,100,0.0
894.0,0.01,540,100,0.0
894.5,0.008,541,100,0.0
895.0,0.008,541,99,0.6000000000000001
895.5,0.006,541,99,2.4000000000000004
896.0,0.006,542,99,3.0
896.5,0.008,542,100,3.6
897.0,0.008,542,100,3.6
897.5,0.01,543,100,3.6
898.0,0.01,543,100,3.0
898.5,0.01,543,99,3.0
899.0,0.01,543,99,3.0
899.5,0.008,544,99,3.0
900.0,0.008,544,99,3.0
900.5,0.008,544,99,3.6
901.0,0.008,545,99,3.6
901.5,0.008,545,99,3.6
902.0,0.008,545,100,4.2
902.5,0.006,545,100,4.2
903.0,0.006,546,100,3.6
903.5,0.005,546,100,3.6
904.0,0.006,546,100,3.0
904.5,0.008,552,100,1.8
905.0,0.008,552,101,1.2000000000000002
905.5,0.01,552,101,1.2000000000000002
906.0,0.008,552,100,0.6000000000000001
906.5,0.008,553,100,0.6000000000000001
907.0,0.006,553,99,0.6000000000000001
907.5,0.005,553,99,0.6000000000000001
908.0,0.005,554,98,1.2000000000000002
908.5,0.006,554,98,0.6000000000000001
909.0,0.006,554,98,0.6000000000000001
909.5,0.005,555,98,0.0
910.0,0.006,555,98,0.0
910.5,0.008,555,98,0.0
911.0,0.008,555,98,0.0
911.5,0.01,556,99,0.0
912.0,0.01,556,98,0.0
912.5,0.008,556,98,0.0
913.0,0.008,557,99,0.0
913.5,0.008,557,98,0.0
914.0,0.006,557,99,0.0
914.5,0.008,558,99,0.0
915.0,0.008,558,99,0.0
915.5,0.01,558,100,0.0
916.0,0.01,558,101,0.0
916.5,0.01,559,101,0.0
917.0,0.006,559,101,0.0
917.5,0.01,559,100,0.0
918.0,0.008,560,100,0.0
918.5,0.008,560,100,0.0
919.0,0.008,560,100,0.0
919.5,0.006,561,99,0.0
920.0,0.006,561,99,1.8
920.5,0.006,561,99,3.0
921.0,0.006,561,100,3.6
921.5,0.006,562,100,3.6
922.0,0.005,562,100,3.0
922.5,0.005,562,100,3.0
923.0,0.006,563,99,2.4000000000000004
923.5,0.008,563,99,2.4000000000000004
924.0,0.006,563,99,3.0
924.5,0.008,564,99,3.0
925.0,0.006,564,99,3.0
925.5,0.008,564,100,3.6
926.0,0.008,564,100,3.6
926.5,0.008,565,100,3.6
927.0,0.006,565,100,4.2
927.5,0.008,565,100,3.6
928.0,0.008,566,100,3.6
928.5,0.008,566,100,3.0
929.0,0.006,566,100,3.0
929.5,0.008,567,100,3.0
930.0,0.006,567,100,3.6
930.5,0.006,567,100,3.6
931.0,0.006,567,99,3.0
931.5,0.005,568,99,3.0
932.0,0.006,568,100,3.6
932.5,0.008,568,100,3.0
933.0,0.01,569,101,3.0
933.5,0.01,569,100,3.0
934.0,0.006,569,100,2.4000000000000004
934.5,0.006,570,100,2.4000000000000004
935.0,0.003,570,100,3.0
935.5,0.005,570,100,3.0
936.0,0.005,570,100,3.0
936.5,0.008,571,100,1.8
937.0,0.006,571,100,1.2000000000000002
937.5,0.01,571,101,1.2000000000000002
938.0,0.008,572,101,1.2000000000000002
938.5,0.01,572,100,1.2000000000000002
939.0,0.008,572,100,0.6000000000000001
939.5,0.008,573,99,0.6000000000000001
940.0,0.006,573,99,0.6000000000000001
940.5,0.006,573,99,0.6000000000000001
941.0,0.006,574,98,0.6000000000000001
941.5,0.006,574,98,1.2000000000000002
942.0,0.006,574,98,0.0
942.5,0.008,574,98,0.0
943.0,0.008,575,98,0.0
943.5,0.008,575,98,0.0
944.0,0.008,575,98,0.0
944.5,0.008,576,98,0.0
945.0,0.008,576,98,0.0
945.5,0.008,576,98,0.0
946.0,0.008,576,98,0.0
946.5,0.008,577,98,0.0
947.0,0.006,577,99,0.0
947.5,0.006,577,99,0.0
948.0,0.006,578,99,0.0
948.5,0.005,578,100,0.0
949.0,0.006,578,100,0.0
949.5,0.01,579,101,0.0
950.0,0.008,579,100,0.0
950.5,0.01,579,100,0.0
951.0,0.008,579,100,0.0
951.5,0.008,580,100,0.0
952.0,0.008,580,99,0.0
952.5,0.006,580,99,1.8
953.0,0.005,581,99,3.0
953.5,0.006,581,99,3.6
954.0,0.008,581,100,3.6
954.5,0.008,582,100,3.6
955.0,0.008,582,100,3.6
955.5,0.008,582,99,3.0
956.0,0.006,582,99,3.0
956.5,0.006,583,99,3.0
957.0,0.005,583,98,3.0
957.5,0.006,583,99,3.6
958.0,0.008,584,99,3.6
958.5,0.01,584,99,3.6
959.0,0.008,584,99,4.2
959.5,0.008,584,99,4.2
960.0,0.006,585,99,4.2
960.5,0.005,585,100,4.2
961.0,0.006,585,99,3.6
961.5,0.005,586,99,3.6
962.0,0.005,586,99,3.6
962.5,0.006,586,99,3.6
963.0,0.006,587,100,4.2
963.5,0.006,587,100,3.6
964.0,0.01,587,99,3.6
964.5,0.008,588,99,3.6
965.0,0.008,588,99,3.6
965.5,0.008,588,99,3.6
966.0,0.006,588,100,3.0
966.5,0.005,589,100,3.0
967.0,0.008,589,100,3.0
967.5,0.008,589,101,3.0
968.0,0.008,590,100,3.0
968.5,0.006,590,100,3.6
969.0,0.006,590,100,2.4000000000000004
969.5,0.005,590,100,1.8
970.0,0.006,591,100,1.8
970.5,0.006,591,100,1.2000000000000002
971.0,0.008,591,100,1.8
971.5,0.008,592,100,1.2000000000000002
972.0,0.008,592,100,1.2000000000000002
972.5,0.006,592,99,1.2000000000000002
973.0,0.006,593,99,1.2000000000000002
973.5,0.005,593,98,1.2000000000000002
974.0,0.005,593,98,1.2000000000000002
974.5,0.003,594,98,0.6000000000000001
975.0,0.005,594,97,0.0
975.5,0.006,594,98,0.0
976.0,0.005,594,98,0.0
976.5,0.006,595,98,0.0
977.0,0.006,595,98,0.0
977.5,0.008,595,98,0.0
978.0,0.006,596,98,0.0
978.5,0.005,596,98,0.0
979.0,0.005,596,98,0.0
979.5,0.008,596,99,0.0
980.0,0.008,597,99,0.0
980.5,0.008,597,99,0.0
981.0,0.01,597,100,0.0
981.5,0.008,598,101,0.0
982.0,0.008,598,101,0.0
982.5,0.008,598,101,0.0
983.0,0.006,599,101,0.0
983.5,0.006,599,100,0.0
984.0,0.008,599,100,0.0
984.5,0.008,599,100,0.0
985.0,0.005,600,99,0.6000000000000001
985.5,0.005,600,99,2.4000000000000004
986.0,0.005,600,99,3.6
986.5,0.005,601,100,3.6
987.0,0.005,601,100,3.6
987.5,0.005,601,100,3.6
988.0,0.005,602,100,3.0
988.5,0.005,602,99,3.0
989.0,0.005,602,99,3.0
989.5,0.008,602,99,3.0
990.0,0.008,603,99,3.0
990.5,0.006,603,99,3.6
991.0,0.005,603,99,3.6
991.5,0.006,604,100,3.6
992.0,0.005,604,100,4.2
992.5,0.008,604,100,4.2
993.0,0.006,605,100,4.2
993.5,0.008,605,100,3.6
994.0,0.006,605,100,3.6
994.5,0.005,605,100,3.0
995.0,0.005,606,100,3.6
995.5,0.006,606,100,3.6
996.0,0.006,606,100,4.2
996.5,0.006,607,99,3.6
997.0,0.006,607,100,3.6
997.5,0.008,607,99,3.6
998.0,0.008,608,100,3.6
998.5,0.008,608,100,3.0
999.0,0.008,608,100,3.0
999.5,0.008,608,100,3.0
1000.0,0.005,609,100,3.0
1000.5,0.005,609,100,3.0
1001.0,0.005,609,100,3.6
1001.5,0.006,610,100,3.0
1002.0,0.006,610,100,2.4000000000000004
1002.5,0.008,610,100,1.8
1003.0,0.006,611,100,1.2000000000000002
1003.5,0.006,611,100,1.2000000000000002
1004.0,0.006,611,100,1.2000000000000002
1004.5,0.008,611,100,1.2000000000000002
1005.0,0.006,612,99,1.2000000000000002
1005.5,0.006,612,99,1.2000000000000002
1006.0,0.006,612,98,1.2000000000000002
1006.5,0.006,613,98,1.2000000000000002
1007.0,0.005,613,98,1.2000000000000002
1007.5,0.006,613,98,0.0
1008.0,0.005,614,97,0.0
1008.5,0.006,614,98,0.0
1009.0,0.006,614,98,0.0
1009.5,0.005,614,98,0.0
1010.0,0.006,615,98,0.0
1010.5,0.006,615,98,0.0
1011.0,0.008,615,98,0.0
1011.5,0.006,616,98,0.0
1012.0,0.006,616,98,0.0
1012.5,0.006,616,98,0.0
1013.0,0.006,617,99,0.0
1013.5,0.005,617,99,0.0
1014.0,0.006,617,100,0.0
1014.5,0.008,617,100,0.0
1015.0,0.008,618,100,0.0
1015.5,0.006,618,100,0.0
1016.0,0.006,618,100,0.0
1016.5,0.006,619,100,0.0
1017.0,0.006,619,99,0.0
1017.5,0.005,619,99,0.0
1018.0,0.005,619,99,1.2000000000000002
1018.5,0.006,620,99,2.4000000000000004
1019.0,0.006,620,99,3.6
1019.5,0.006,620,100,3.6
1020.0,0.008,621,100,3.6
1020.5,0.008,621,100,3.6
1021.0,0.008,621,99,3.0
1021.5,0.006,622,99,3.0
1022.0,0.006,622,99,3.0
1022.5,0.005,622,99,3.0
1023.0,0.008,623,99,3.6
1023.5,0.008,623,100,3.6
1024.0,0.01,623,100,3.6
1024.5,0.008,623,100,4.2
1025.0,0.008,624,100,4.2
1025.5,0.005,624,100,4.2
1026.0,0.006,624,100,3.6
1026.5,0.005,625,100,3.6
1027.0,0.005,625,100,3.6
1027.5,0.006,625,100,3.0
1028.0,0.006,626,100,3.6
1028.5,0.005,626,100,3.6
1029.0,0.006,626,100,3.6
1029.5,0.006,626,100,3.6
1030.0,0.006,627,100,3.6
1030.5,0.006,627,100,3.6
1031.0,0.006,627,100,3.0
1031.5,0.006,628,100,3.0
1032.0,0.006,628,100,3.0
1032.5,0.008,628,100,2.4000000000000004
1033.0,0.006,629,101,3.0
1033.5,0.006,629,100,3.0
1034.0,0.006,629,100,3.0
1034.5,0.006,629,100,2.4000000000000004
1035.0,0.006,630,100,1.8
1035.5,0.006,630,101,1.8
1036.0,0.005,630,101,1.2000000000000002
1036.5,0.008,631,101,1.2000000000000002
1037.0,0.006,631,101,1.2000000000000002
1037.5,0.006,631,100,1.2000000000000002
1038.0,0.008,632,100,1.2000000000000002
1038.5,0.006,632,99,1.2000000000000002
1039.0,0.005,632,99,1.2000000000000002
1039.5,0.006,632,98,1.2000000000000002
1040.0,0.005,633,98,0.0
1040.5,0.005,633,98,0.0
1041.0,0.008,633,98,0.0
1041.5,0.006,634,99,0.0
1042.0,0.008,634,99,0.0
1042.5,0.005,634,99,0.0
1043.0,0.006,635,99,0.0
1043.5,0.006,635,99,0.0
1044.0,0.008,635,99,0.0
1044.5,0.008,635,99,0.0
1045.0,0.01,636,100,0.0
1045.5,0.008,636,100,0.0
1046.0,0.008,636,100,0.0
1046.5,0.01,637,101,0.0
1047.0,0.01,637,101,0.0
1047.5,0.008,637,102,0.0
1048.0,0.01,638,101,0.0
1048.5,0.008,638,101,0.0
1049.0,0.008,638,101,0.0
1049.5,0.008,638,100,0.0
1050.0,0.008,639,100,0.0
1050.5,0.005,639,100,1.8
1051.0,0.008,639,99,3.0
1051.5,0.006,640,100,3.0
1052.0,0.006,640,100,3.6
1052.5,0.005,640,100,3.0
1053.0,0.006,641,100,3.0
1053.5,0.005,641,100,3.0
1054.0,0.006,641,99,2.4000000000000004
1054.5,0.006,642,99,3.0
1055.0,0.008,642,99,3.0
1055.5,0.008,642,99,3.0
1056.0,0.008,642,100,3.6
1056.5,0.006,643,100,3.6
1057.0,0.006,643,100,4.2
1057.5,0.006,643,100,4.2
1058.0,0.01,644,100,4.2
1058.5,0.01,644,100,3.6
1059.0,0.01,644,100,3.6
1059.5,0.008,645,100,3.0
1060.0,0.008,645,100,3.0
1060.5,0.008,645,100,3.0
1061.0,0.006,645,100,3.6
1061.5,0.006,646,100,3.0
1062.0,0.006,646,100,3.0
1062.5,0.008,646,100,3.0
1063.0,0.008,647,100,3.6
1063.5,0.01,647,100,3.0
1064.0,0.008,647,101,2.4000000000000004
1064.5,0.008,648,100,2.4000000000000004
1065.0,0.006,648,100,2.4000000000000004
1065.5,0.006,648,101,2.4000000000000004
1066.0,0.006,648,101,2.4000000000000004
1066.5,0.006,649,101,3.0
1067.0,0.006,649,100,2.4000000000000004
1067.5,0.01,649,101,1.8
1068.0,0.008,650,101,1.2000000000000002
1068.5,0.01,650,101,1.2000000000000002
1069.0,0.008,650,101,1.2000000000000002
1069.5,0.006,651,101,1.2000000000000002
1070.0,0.005,651,100,1.2000000000000002
1070.5,0.008,651,100,1.2000000000000002
1071.0,0.008,652,99,1.2000000000000002
1071.5,0.006,652,99,1.2000000000000002
1072.0,0.006,652,98,1.2000000000000002
1072.5,0.006,652,98,0.0
1073.0,0.006,653,98,0.0
1073.5,0.006,653,98,0.0
1074.0,0.006,653,98,0.0
1074.5,0.008,654,99,0.0
1075.0,0.008,654,99,0.0
1075.5,0.01,654,98,0.0
1076.0,0.008,654,99,0.0
1076.5,0.01,655,99,0.0
1077.0,0.008,655,99,0.0
1077.5,0.006,655,99,0.0
1078.0,0.005,656,99,0.0
1078.5,0.006,656,100,0.0
1079.0,0.008,656,101,0.0
1079.5,0.008,657,101,0.0
1080.0,0.01,657,101,0.0
1080.5,0.01,657,101,0.0
1081.0,0.008,657,101,0.0
1081.5,0.008,658,101,0.0
1082.0,0.005,658,101,0.0
1082.5,0.008,658,100,0.0
1083.0,0.006,659,100,1.2000000000000002
1083.5,0.006,659,100,2.4000000000000004
1084.0,0.006,659,100,3.6
1084.5,0.01,660,101,3.6
1085.0,0.008,660,101,3.6
1085.5,0.011,660,100,3.0
1086.0,0.01,661,100,3.0
1086.5,0.01,661,99,2.4000000000000004
1087.0,0.006,661,99,2.4000000000000004
1087.5,0.01,661,99,3.0
1088.0,0.006,662,99,3.0
1088.5,0.01,662,99,3.6
1089.0,0.01,662,100,3.6
1089.5,0.01,663,100,3.6
1090.0,0.008,663,100,4.2
1090.5,0.008,663,100,3.6
1091.0,0.006,663,100,3.6
1091.5,0.006,664,100,3.6
1092.0,0.008,664,100,3.6
1092.5,0.008,664,100,3.0
1093.0,0.008,665,100,3.6
1093.5,0.01,665,100,4.2
1094.0,0.01,665,100,3.6
1094.5,0.01,666,100,3.6
1095.0,0.008,666,100,3.6
1095.5,0.006,666,100,3.6
1096.0,0.005,666,100,3.0
1096.5,0.006,667,100,3.0
1097.0,0.01,667,100,2.4000000000000004
1097.5,0.01,667,100,2.4000000000000004
1098.0,0.01,668,100,2.4000000000000004
1098.5,0.01,668,100,2.4000000000000004
1099.0,0.006,668,100,3.0
1099.5,0.006,669,100,2.4000000000000004
1100.0,0.006,669,100,1.8
1100.5,0.008,669,100,1.8
1101.0,0.01,670,100,1.2000000000000002
1101.5,0.01,670,100,1.2000000000000002
1102.0,0.006,670,100,1.2000000000000002
1102.5,0.006,670,99,1.2000000000000002
1103.0,0.005,671,99,1.2000000000000002
1103.5,0.005,671,99,1.2000000000000002
1104.0,0.005,671,98,1.2000000000000002
1104.5,0.006,672,98,1.2000000000000002
1105.0,0.006,672,98,0.0
1105.5,0.006,672,98,0.0
1106.0,0.008,672,98,0.0
1106.5,0.008,673,98,0.0
1107.0,0.01,673,98,0.0
1107.5,0.008,673,98,0.0
1108.0,0.01,674,98,0.0
1108.5,0.008,674,98,0.0
1109.0,0.008,674,98,0.0
1109.5,0.006,675,98,0.0
1110.0,0.008,675,99,0.0
1110.5,0.006,675,99,0.0
1111.0,0.008,675,99,0.0
1111.5,0.006,676,100,0.0
1112.0,0.008,676,101,0.0
1112.5,0.008,676,101,0.0
1113.0,0.008,677,101,0.0
1113.5,0.008,677,100,0.0
1114.0,0.01,677,100,0.0
1114.5,0.01,678,100,0.0
1115.0,0.008,678,100,0.0
1115.5,0.006,678,100,0.6000000000000001
1116.0,0.006,678,99,2.4000000000000004
1116.5,0.006,679,99,3.6
1117.0,0.008,679,100,3.6
1117.5,0.006,679,100,3.6
1118.0,0.008,680,100,3.0
1118.5,0.008,680,100,3.0
1119.0,0.008,680,99,3.0
1119.5,0.008,681,99,3.0
1120.0,0.011,681,99,3.0
1120.5,0.008,681,99,3.0
1121.0,0.008,681,99,3.6
1121.5,0.006,682,99,3.6
1122.0,0.008,682,99,3.6
1122.5,0.006,682,100,4.2
1123.0,0.011,683,100,4.2
1123.5,0.008,683,100,4.2
1124.0,0.01,683,100,3.6
1124.5,0.01,684,100,3.6
1125.0,0.01,684,99,3.6
1125.5,0.008,684,99,3.6
1126.0,0.01,685,99,3.6
1126.5,0.008,685,99,3.6
1127.0,0.008,685,99,3.6
1127.5,0.006,685,99,3.6
1128.0,0.008,686,99,3.6
1128.5,0.006,686,100,3.0
1129.0,0.01,686,100,3.0
1129.5,0.008,687,100,3.0
1130.0,0.008,687,100,2.4000000000000004
1130.5,0.008,687,100,3.0
1131.0,0.008,687,100,3.0
1131.5,0.006,688,100,3.0
1132.0,0.008,688,100,2.4000000000000004
1132.5,0.008,688,99,1.8
1133.0,0.006,692,98,0.0
1133.5,0.006,693,98,0.0
1134.0,0.005,693,98,0.0
1134.5,0.011,693,98,0.0
1135.0,0.011,694,98,0.0
1135.5,0.01,694,98,0.0
1136.0,0.01,694,98,0.0
1136.5,0.01,695,99,0.0
1137.0,0.011,695,99,0.0
1137.5,0.006,695,99,0.0
1138.0,0.01,696,100,0.0
1138.5,0.01,696,100,0.0
1139.0,0.01,696,101,0.0
1139.5,0.008,696,100,0.0
1140.0,0.01,697,100,0.0
1140.5,0.006,697,100,0.0
1141.0,0.01,697,100,0.0
1141.5,0.006,698,100,0.0
1142.0,0.006,698,99,1.8
1142.5,0.006,698,99,3.0
1143.0,0.008,699,99,3.6
1143.5,0.01,699,100,3.6
1144.0,0.01,699,100,3.6
1144.5,0.008,699,100,3.0
1145.0,0.008,700,99,3.0
1145.5,0.005,700,99,3.0
1146.0,0.008,700,99,3.0
1146.5,0.008,701,99,3.0
1147.0,0.008,701,99,3.0
1147.5,0.01,701,99,3.6
1148.0,0.01,702,100,3.6
1148.5,0.006,702,100,4.2
1149.0,0.005,702,100,4.2
1149.5,0.006,702,100,4.2
1150.0,0.008,703,100,3.6
1150.5,0.005,703,100,3.6
1151.0,0.006,703,100,3.0
1151.5,0.01,704,99,3.0
1152.0,0.01,704,99,3.6
1152.5,0.01,704,100,3.6
1153.0,0.01,705,100,3.0
1153.5,0.008,705,99,3.0
1154.0,0.006,705,99,3.6
1154.5,0.006,705,99,3.0
1155.0,0.006,706,99,3.0
1155.5,0.006,706,100,3.0
1156.0,0.008,706,100,3.0
1156.5,0.008,707,100,3.0
1157.0,0.008,707,100,3.0
1157.5,0.006,707,100,3.0
1158.0,0.005,708,100,3.0
1158.5,0.005,708,100,2.4000000000000004
1159.0,0.006,708,100,1.8
1159.5,0.008,708,100,1.8
1160.0,0.008,709,101,1.2000000000000002
1160.5,0.01,709,100,1.2000000000000002
1161.0,0.008,709,100,1.2000000000000002
1161.5,0.005,710,99,1.2000000000000002
1162.0,0.005,710,99,1.2000000000000002
1162.5,0.006,710,99,0.6000000000000001
1163.0,0.003,711,98,1.2000000000000002
1163.5,0.005,711,98,1.2000000000000002
1164.0,0.003,711,98,0.6000000000000001
1164.5,0.006,711,98,0.0
1165.0,0.008,712,98,0.0
1165.5,0.008,712,98,0.0
1166.0,0.01,712,98,0.0
1166.5,0.011,713,99,0.0
1167.0,0.008,713,98,0.0
1167.5,0.006,713,98,0.0
1168.0,0.006,714,98,0.0
1168.5,0.006,714,99,0.0
1169.0,0.006,714,99,0.0
1169.5,0.006,714,99,0.0
1170.0,0.006,715,100,0.0
1170.5,0.006,715,101,0.0
1171.0,0.006,715,101,0.0
1171.5,0.008,716,101,0.0
1172.0,0.006,716,101,0.0
1172.5,0.008,716,101,0.0
1173.0,0.01,717,101,0.0
1173.5,0.008,717,100,0.0
1174.0,0.008,717,100,0.0
1174.5,0.006,717,100,1.8
1175.0,0.005,718,99,2.4000000000000004
1175.5,0.006,718,100,3.6
1176.0,0.006,718,100,3.6
1176.5,0.005,719,100,3.6
1177.0,0.006,719,100,3.0
1177.5,0.008,719,100,3.0
1178.0,0.006,720,99,3.0
1178.5,0.006,720,99,3.0
1179.0,0.008,720,99,3.0
1179.5,0.006,720,99,3.0
1180.0,0.006,721,99,3.6
1180.5,0.008,721,99,3.6
1181.0,0.008,721,99,4.2
1181.5,0.008,722,99,4.2
1182.0,0.008,722,100,4.2
1182.5,0.01,722,100,3.6
1183.0,0.008,723,100,3.6
1183.5,0.008,723,99,3.6
1184.0,0.006,723,99,3.6
1184.5,0.006,723,99,3.6
1185.0,0.006,724,100,3.6
1185.5,0.008,724,100,3.6
1186.0,0.008,724,98,3.6
1186.5,0.008,725,98,3.6
1187.0,0.008,725,99,3.6
1187.5,0.01,725,99,3.6
1188.0,0.008,725,100,3.0
1188.5,0.008,726,100,3.0
1189.0,0.008,726,100,3.0
1189.5,0.006,726,100,3.0
1190.0,0.005,727,100,3.0
1190.5,0.008,727,100,3.6
1191.0,0.006,727,100,3.0
1191.5,0.008,728,99,2.4000000000000004
1192.0,0.01,728,100,1.8
1192.5,0.008,728,100,1.8
1193.0,0.008,729,100,1.2000000000000002
1193.5,0.01,729,100,1.2000000000000002
1194.0,0.01,729,99,1.2000000000000002
1194.5,0.008,729,99,1.2000000000000002
1195.0,0.008,730,98,1.2000000000000002
1195.5,0.008,730,98,1.2000000000000002
1196.0,0.006,730,97,1.2000000000000002
1196.5,0.006,731,98,0.0
1197.0,0.008,731,97,0.0
1197.5,0.006,731,98,0.0
1198.0,0.01,731,98,0.0
1198.5,0.008,732,98,0.0
1199.0,0.008,732,98,0.0
1199.5,0.008,732,98,0.0
1200.0,0.011,733,98,0.0
1200.5,0.008,733,98,0.0
1201.0,0.01,733,98,0.0
1201.5,0.008,734,99,0.0
1202.0,0.008,734,100,0.0
1202.5,0.006,734,99,0.0
1203.0,0.011,735,100,0.0
1203.5,0.008,735,101,0.0
1204.0,0.01,735,101,0.0
1204.5,0.008,735,101,0.0
1205.0,0.01,736,101,0.0
1205.5,0.016,736,100,0.0
1206.0,0.019,736,100,0.0
1206.5,0.011,737,100,0.0
1207.0,0.01,737,100,0.0
1207.5,0.006,737,99,1.8
1208.0,0.006,738,99,3.6
1208.5,0.006,738,100,3.6
1209.0,0.01,738,100,3.6
1209.5,0.01,738,100,3.6
1210.0,0.015,739,100,3.0
1210.5,0.011,739,99,3.0
1211.0,0.01,739,99,3.0
1211.5,0.01,740,99,3.0
1212.0,0.011,740,99,3.6
1212.5,0.01,740,99,3.6
1213.0,0.011,740,99,3.6
1213.5,0.011,741,100,3.6
1214.0,0.01,741,100,4.2
1214.5,0.008,741,100,4.2
1215.0,0.01,742,100,4.2
1215.5,0.008,742,100,3.6
1216.0,0.01,742,100,3.6
1216.5,0.01,743,100,3.6
1217.0,0.01,743,100,3.6
1217.5,0.008,743,100,3.6
1218.0,0.01,744,100,4.2
1218.5,0.01,744,100,3.6
1219.0,0.011,744,100,3.6
1219.5,0.01,744,99,3.6
1220.0,0.01,745,100,3.6
1220.5,0.01,745,100,3.0
1221.0,0.013,745,100,3.0
1221.5,0.01,746,100,3.0
1222.0,0.01,746,100,3.0
1222.5,0.011,746,100,3.0
1223.0,0.01,747,100,3.0
1223.5,0.008,747,100,3.0
1224.0,0.01,747,100,2.4000000000000004
1224.5,0.008,747,100,1.8
1225.0,0.008,748,100,1.8
1225.5,0.01,748,100,1.2000000000000002
1226.0,0.01,748,100,1.2000000000000002
1226.5,0.008,749,100,1.2000000000000002
1227.0,0.008,749,99,1.2000000000000002
1227.5,0.006,749,99,1.2000000000000002
1228.0,0.008,749,98,1.2000000000000002
1228.5,0.01,750,97,1.2000000000000002
1229.0,0.008,750,97,1.2000000000000002
1229.5,0.008,750,97,0.0
1230.0,0.008,751,97,0.0
1230.5,0.008,751,97,0.0
1231.0,0.008,751,97,0.0
1231.5,0.01,752,98,0.0
1232.0,0.008,752,98,0.0
1232.5,0.006,752,97,0.0
1233.0,0.008,752,98,0.0
1233.5,0.008,753,98,0.0
1234.0,0.008,753,98,0.0
1234.5,0.01,753,98,0.0
1235.0,0.01,754,99,0.0
1235.5,0.008,754,99,0.0
1236.0,0.008,754,100,0.0
1236.5,0.008,755,100,0.0
1237.0,0.008,755,101,0.0
1237.5,0.01,755,101,0.0
1238.0,0.008,755,100,0.0
1238.5,0.01,756,100,0.0
1239.0,0.01,756,100,0.0
1239.5,0.008,756,100,0.0
1240.0,0.008,757,99,1.2000000000000002
1240.5,0.01,757,99,2.4000000000000004
1241.0,0.008,757,99,3.6
1241.5,0.01,758,100,3.6
1242.0,0.008,758,100,3.6
1242.5,0.01,758,100,3.0
1243.0,0.008,759,100,3.0
1243.5,0.011,759,99,3.0
1244.0,0.008,759,99,3.0
1244.5,0.011,759,99,3.0
1245.0,0.01,760,99,3.0
1245.5,0.01,760,100,3.6
1246.0,0.008,760,100,3.6
1246.5,0.01,761,100,4.2
1247.0,0.008,761,100,4.2
1247.5,0.011,761,100,4.2
1248.0,0.008,761,101,3.6
1248.5,0.01,762,100,3.6
1249.0,0.008,762,100,3.6
1249.5,0.01,762,100,3.6
1250.0,0.005,763,100,3.6
1250.5,0.008,763,100,3.6
1251.0,0.006,763,100,3.6
1251.5,0.006,764,100,3.6
1252.0,0.006,764,100,3.6
1252.5,0.008,767,100,1.2000000000000002
1253.0,0.006,768,100,1.2000000000000002
1253.5,0.01,768,100,1.2000000000000002
1254.0,0.008,768,100,0.6000000000000001
1254.5,0.006,768,99,1.2000000000000002
1255.0,0.006,769,99,1.2000000000000002
1255.5,0.006,769,98,0.6000000000000001
1256.0,0.006,769,98,1.2000000000000002
1256.5,0.006,770,98,1.2000000000000002
1257.0,0.006,770,98,0.0
1257.5,0.006,770,98,0.0
1258.0,0.008,770,98,0.0
1258.5,0.008,771,98,0.0
1259.0,0.008,771,98,0.0
1259.5,0.008,771,99,0.0
1260.0,0.01,772,98,0.0
1260.5,0.006,772,98,0.0
1261.0,0.01,772,98,0.0
1261.5,0.008,773,98,0.0
1262.0,0.008,773,99,0.0
1262.5,0.008,773,99,0.0
1263.0,0.008,774,99,0.0
1263.5,0.008,774,100,0.0
1264.0,0.01,774,100,0.0
1264.5,0.01,774,101,0.0
1265.0,0.01,775,101,0.0
1265.5,0.01,775,100,0.0
1266.0,0.01,775,100,0.0
1266.5,0.008,776,100,0.0
1267.0,0.008,776,100,0.0
1267.5,0.006,776,99,0.6000000000000001
1268.0,0.008,777,99,2.4000000000000004
1268.5,0.008,777,99,3.6
1269.0,0.01,777,100,3.6
1269.5,0.008,777,100,3.6
1270.0,0.01,778,99,3.0
1270.5,0.008,778,99,3.0
1271.0,0.008,778,99,3.0
1271.5,0.008,779,98,3.0
1272.0,0.01,779,98,3.0
1272.5,0.006,779,98,3.6
1273.0,0.008,779,98,3.6
1273.5,0.008,780,99,3.6
1274.0,0.008,780,99,4.2
1274.5,0.008,781,100,4.2
1275.0,0.006,781,100,4.2
1275.5,0.011,781,100,4.2
1276.0,0.01,782,99,3.6
1276.5,0.01,782,99,3.6
1277.0,0.008,782,99,3.6
1277.5,0.006,783,99,4.2
1278.0,0.008,783,99,3.6
1278.5,0.008,783,99,3.6
1279.0,0.01,783,99,3.6
1279.5,0.008,784,99,4.2
1280.0,0.006,784,99,3.6
1280.5,0.006,784,100,3.6
1281.0,0.008,785,99,3.6
1281.5,0.008,785,100,3.0
1282.0,0.01,785,99,3.0
1282.5,0.008,785,100,3.6
1283.0,0.01,786,99,3.6
1283.5,0.008,786,99,3.0
1284.0,0.008,786,99,2.4000000000000004
1284.5,0.008,787,99,1.8
1285.0,0.008,787,100,1.8
1285.5,0.008,787,100,1.8
1286.0,0.006,788,100,1.2000000000000002
1286.5,0.006,788,99,1.2000000000000002
1287.0,0.006,788,99,1.2000000000000002
1287.5,0.006,788,99,1.2000000000000002
1288.0,0.008,789,98,1.2000000000000002
1288.5,0.006,789,97,1.2000000000000002
1289.0,0.008,789,97,1.2000000000000002
1289.5,0.008,790,97,0.0
1290.0,0.01,790,97,0.0
1290.5,0.01,790,97,0.0
1291.0,0.01,791,97,0.0
1291.5,0.008,791,98,0.0
1292.0,0.008,791,98,0.0
1292.5,0.008,791,98,0.0
1293.0,0.008,792,98,0.0
1293.5,0.008,792,98,0.0
1294.0,0.01,792,98,0.0
1294.5,0.008,793,99,0.0
1295.0,0.01,793,98,0.0
1295.5,0.01,793,99,0.0
1296.0,0.01,793,100,0.0
1296.5,0.008,794,100,0.0
1297.0,0.01,794,100,0.0
1297.5,0.008,794,100,0.0
1298.0,0.008,795,100,0.0
1298.5,0.008,795,100,0.0
1299.0,0.01,795,100,0.0
1299.5,0.008,796,100,0.0
1300.0,0.01,796,99,1.2000000000000002
1300.5,0.008,796,99,3.0
1301.0,0.008,797,99,3.6
1301.5,0.008,797,100,4.2
1302.0,0.01,797,100,3.6
1302.5,0.01,797,100,3.6
1303.0,0.011,798,100,3.6
1303.5,0.01,798,99,3.6
1304.0,0.011,798,99,3.6
1304.5,0.01,799,99,3.6
1305.0,0.01,799,99,3.6
1305.5,0.008,799,99,4.2
1306.0,0.008,799,100,4.2
1306.5,0.008,800,100,4.2
1307.0,0.008,800,100,4.800000000000001
1307.5,0.01,800,100,4.2
1308.0,0.01,801,101,4.2
1308.5,0.01,801,100,3.6
1309.0,0.011,801,100,3.6
1309.5,0.01,802,100,3.6
1310.0,0.011,802,100,3.6
1310.5,0.01,802,100,4.2
1311.0,0.008,803,100,3.6
1311.5,0.01,803,100,3.6
1312.0,0.011,803,100,3.6
1312.5,0.01,803,100,3.6
1313.0,0.01,804,100,3.6
1313.5,0.01,804,100,3.6
1314.0,0.01,804,100,3.0
1314.5,0.008,805,100,3.0
1315.0,0.011,805,101,3.0
1315.5,0.008,805,101,3.6
1316.0,0.01,806,101,3.6
1316.5,0.011,806,100,3.0
1317.0,0.01,806,100,1.8
1317.5,0.011,806,101,1.8
1318.0,0.011,807,101,1.8
1318.5,0.01,807,101,1.2000000000000002
1319.0,0.01,807,100,1.2000000000000002
1319.5,0.01,808,100,1.2000000000000002
1320.0,0.01,808,99,1.2000000000000002
1320.5,0.008,808,99,1.2000000000000002
1321.0,0.01,809,98,1.2000000000000002
1321.5,0.008,809,98,1.2000000000000002
1322.0,0.006,809,98,0.0
1322.5,0.008,809,98,0.0
1323.0,0.008,810,98,0.0
1323.5,0.008,810,98,0.0
1324.0,0.01,810,99,0.0
1324.5,0.01,811,99,0.0
1325.0,0.01,811,98,0.0
1325.5,0.013,811,99,0.0
1326.0,0.011,812,98,0.0
1326.5,0.011,812,98,0.0
1327.0,0.008,812,99,0.0
1327.5,0.008,812,99,0.0
1328.0,0.006,813,99,0.0
1328.5,0.01,813,100,0.0
1329.0,0.011,813,101,0.0
1329.5,0.011,814,101,0.0
1330.0,0.011,814,101,0.0
1330.5,0.011,814,100,0.0
1331.0,0.008,815,100,0.0
1331.5,0.008,815,100,0.0
1332.0,0.006,815,100,0.0
1332.5,0.006,815,99,1.2000000000000002
1333.0,0.006,816,99,2.4000000000000004
1333.5,0.01,816,99,3.6
1334.0,0.008,816,100,4.2
1334.5,0.01,817,100,4.2
1335.0,0.006,817,100,3.6
1335.5,0.01,817,100,3.6
1336.0,0.008,817,99,3.0
1336.5,0.008,818,99,3.0
1337.0,0.008,818,99,3.0
1337.5,0.01,818,99,3.6
1338.0,0.01,819,99,3.6
1338.5,0.011,819,100,3.6
1339.0,0.01,819,100,4.2
1339.5,0.008,820,100,4.2
1340.0,0.006,820,100,4.2
1340.5,0.008,820,100,4.2
1341.0,0.008,821,101,3.6
1341.5,0.01,821,100,3.6
1342.0,0.01,821,100,3.6
1342.5,0.01,821,100,3.6
1343.0,0.01,822,99,4.2
1343.5,0.008,822,100,3.6
1344.0,0.006,822,99,3.6
1344.5,0.006,823,99,3.6
1345.0,0.008,823,99,3.6
1345.5,0.008,823,99,3.6
1346.0,0.008,824,100,3.0
1346.5,0.011,824,100,3.0
1347.0,0.011,824,100,3.0
1347.5,0.008,824,100,3.0
1348.0,0.008,825,100,3.6
1348.5,0.008,825,100,3.6
1349.0,0.008,825,100,3.0
1349.5,0.01,826,99,2.4000000000000004
1350.0,0.01,826,100,1.8
1350.5,0.008,826,100,1.2000000000000002
1351.0,0.01,827,100,1.2000000000000002
1351.5,0.01,827,100,1.2000000000000002
1352.0,0.008,827,99,1.2000000000000002
1352.5,0.008,827,99,1.2000000000000002
1353.0,0.006,828,99,1.2000000000000002
1353.5,0.005,828,98,1.2000000000000002
1354.0,0.006,828,98,1.2000000000000002
1354.5,0.008,829,98,0.6000000000000001
1355.0,0.011,829,98,0.0
1355.5,0.011,829,98,0.0
1356.0,0.011,830,98,0.0
1356.5,0.01,830,98,0.0
1357.0,0.01,830,98,0.0
1357.5,0.01,830,98,0.0
1358.0,0.008,831,98,0.0
1358.5,0.008,831,98,0.0
1359.0,0.008,831,98,0.0
1359.5,0.01,832,99,0.0
1360.0,0.011,832,99,0.0
1360.5,0.01,832,99,0.0
1361.0,0.01,832,100,0.0
1361.5,0.01,833,101,0.0
1362.0,0.008,833,101,0.0
1362.5,0.008,833,101,0.0
1363.0,0.01,834,101,0.0
1363.5,0.008,834,100,0.0
1364.0,0.01,834,100,0.0
1364.5,0.01,835,100,0.0
1365.0,0.011,835,100,0.6000000000000001
1365.5,0.008,835,99,1.8
1366.0,0.006,836,99,3.6
1366.5,0.005,836,100,3.6
1367.0,0.008,836,100,3.6
1367.5,0.011,836,100,3.6
1368.0,0.013,837,100,3.6
1368.5,0.011,837,99,3.0
1369.0,0.01,837,99,3.0
1369.5,0.011,838,99,3.0
1370.0,0.01,838,99,3.6
1370.5,0.01,838,99,3.6
1371.0,0.011,838,100,3.6
1371.5,0.008,839,100,4.2
1372.0,0.008,839,100,4.2
1372.5,0.011,839,100,4.2
1373.0,0.011,840,100,4.2
1373.5,0.011,840,100,4.2
1374.0,0.01,840,100,3.6
1374.5,0.008,841,100,3.6
1375.0,0.008,841,100,3.6
1375.5,0.008,841,100,3.6
1376.0,0.011,842,100,4.2
1376.5,0.011,842,99,3.6
1377.0,0.011,842,99,3.6
1377.5,0.011,842,100,3.6
1378.0,0.011,843,100,3.6
1378.5,0.011,843,100,3.0
1379.0,0.01,843,100,3.0
1379.5,0.01,844,100,3.0
1380.0,0.01,844,100,3.0
1380.5,0.01,844,101,3.0
1381.0,0.011,845,101,3.0
1381.5,0.013,845,100,3.0
1382.0,0.015,845,100,2.4000000000000004
1382.5,0.011,845,100,1.8
1383.0,0.011,846,100,1.2000000000000002
1383.5,0.008,846,101,1.2000000000000002
1384.0,0.01,846,100,1.2000000000000002
1384.5,0.01,847,100,1.2000000000000002
1385.0,0.008,847,100,1.2000000000000002
1385.5,0.011,847,99,1.2000000000000002
1386.0,0.011,848,99,0.6000000000000001
1386.5,0.011,848,98,1.2000000000000002
1387.0,0.011,848,98,1.2000000000000002
1387.5,0.01,848,98,0.6000000000000001
1388.0,0.008,849,98,0.0
1388.5,0.01,849,98,0.0
1389.0,0.011,849,99,0.0
1389.5,0.013,850,99,0.0
1390.0,0.011,850,99,0.0
1390.5,0.013,850,98,0.0
1391.0,0.011,851,99,0.0
1391.5,0.011,851,98,0.0
1392.0,0.01,851,99,0.0
1392.5,0.01,851,100,0.0
1393.0,0.008,852,100,0.0
1393.5,0.01,852,100,0.0
1394.0,0.011,852,101,0.0
1394.5,0.013,853,101,0.0
1395.0,0.015,853,101,0.0
1395.5,0.015,853,101,0.0
1396.0,0.013,854,101,0.0
1396.5,0.011,854,100,0.0
1397.0,0.01,854,100,0.0
1397.5,0.01,854,100,0.0
1398.0,0.01,855,99,1.8
1398.5,0.01,855,99,3.0
1399.0,0.011,855,100,3.6
1399.5,0.01,856,100,3.6
1400.0,0.01,856,100,3.6
1400.5,0.011,856,100,3.6
1401.0,0.01,857,100,3.0
1401.5,0.01,857,100,3.0
1402.0,0.011,857,100,3.0
1402.5,0.013,857,99,3.0
1403.0,0.011,858,100,3.6
1403.5,0.015,858,100,3.6
1404.0,0.015,858,100,3.6
1404.5,0.013,859,100,4.2
1405.0,0.011,859,101,4.2
1405.5,0.01,859,101,4.2
1406.0,0.01,860,101,3.6
1406.5,0.011,860,100,3.6
1407.0,0.011,860,100,3.6
1407.5,0.013,861,100,3.6
1408.0,0.011,861,100,3.6
1408.5,0.011,861,101,4.2
1409.0,0.01,861,101,3.6
1409.5,0.013,862,100,3.6
1410.0,0.011,862,101,3.6
1410.5,0.011,862,101,3.6
1411.0,0.01,863,101,3.6
1411.5,0.013,863,101,3.0
1412.0,0.011,863,101,2.4000000000000004
1412.5,0.013,864,101,3.0
1413.0,0.013,864,102,3.0
1413.5,0.013,864,101,3.0
1414.0,0.011,864,101,3.0
1414.5,0.011,865,101,1.8
1415.0,0.011,865,101,1.8
1415.5,0.013,865,102,1.8
1416.0,0.011,866,102,1.2000000000000002
1416.5,0.013,866,101,1.2000000000000002
1417.0,0.011,866,101,1.2000000000000002
1417.5,0.011,867,100,1.2000000000000002
1418.0,0.008,867,100,1.2000000000000002
1418.5,0.011,867,99,1.2000000000000002
1419.0,0.01,867,99,1.2000000000000002
1419.5,0.01,868,99,1.2000000000000002
1420.0,0.01,868,99,0.0
1420.5,0.01,868,99,0.0
1421.0,0.01,869,99,0.0
1421.5,0.011,869,99,0.0
1422.0,0.011,869,99,0.0
1422.5,0.013,870,99,0.0
1423.0,0.01,870,98,0.0
1423.5,0.011,870,99,0.0
1424.0,0.011,870,99,0.0
1424.5,0.011,871,99,0.0
1425.0,0.011,871,100,0.0
1425.5,0.013,871,99,0.0
1426.0,0.013,872,100,0.0
1426.5,0.011,872,101,0.0
1427.0,0.011,872,101,0.0
1427.5,0.013,873,101,0.0
1428.0,0.011,873,101,0.0
1428.5,0.013,873,100,0.0
1429.0,0.01,873,100,0.0
1429.5,0.01,874,100,0.0
1430.0,0.008,874,100,0.0
1430.5,0.011,874,99,1.8
1431.0,0.011,875,99,3.0
1431.5,0.01,875,99,3.6
1432.0,0.01,875,100,4.2
1432.5,0.008,876,100,3.6
1433.0,0.008,876,100,3.6
1433.5,0.01,876,99,3.0
1434.0,0.008,876,99,3.0
1434.5,0.008,877,99,3.0
1435.0,0.008,877,99,3.0
1435.5,0.008,877,99,3.6
1436.0,0.01,878,99,3.6
1436.5,0.01,878,100,3.6
1437.0,0.01,878,100,4.2
1437.5,0.01,879,100,4.2
1438.0,0.013,879,100,4.2
1438.5,0.011,879,100,4.2
1439.0,0.011,880,100,3.6
1439.5,0.01,880,100,3.6
1440.0,0.01,880,100,3.6
1440.5,0.008,880,100,4.2
1441.0,0.008,881,100,4.2
1441.5,0.01,881,100,3.6
1442.0,0.01,881,100,3.6
1442.5,0.011,882,100,3.6
1443.0,0.011,882,100,3.6
1443.5,0.01,882,100,3.6
1444.0,0.01,882,100,3.0
1444.5,0.01,883,100,3.0
1445.0,0.008,883,100,3.0
1445.5,0.008,883,100,3.0
1446.0,0.011,884,101,3.6
1446.5,0.01,884,100,3.6
1447.0,0.011,884,100,2.4000000000000004
1447.5,0.013,885,100,1.8
1448.0,0.01,885,101,1.8
1448.5,0.01,885,101,1.2000000000000002
1449.0,0.006,885,101,1.2000000000000002
1449.5,0.006,886,101,1.2000000000000002
1450.0,0.008,886,100,1.2000000000000002
1450.5,0.01,886,100,1.2000000000000002
1451.0,0.01,887,99,1.2000000000000002
1451.5,0.01,887,99,1.2000000000000002
1452.0,0.008,887,99,1.2000000000000002
1452.5,0.008,888,99,0.0
1453.0,0.008,888,98,0.0
1453.5,0.01,888,98,0.0
1454.0,0.01,889,99,0.0
1454.5,0.008,889,99,0.0
1455.0,0.01,889,99,0.0
1455.5,0.008,889,99,0.0
1456.0,0.008,890,99,0.0
1456.5,0.008,890,99,0.0
1457.0,0.008,890,99,0.0
1457.5,0.006,891,99,0.0
1458.0,0.008,891,100,0.0
1458.5,0.008,891,100,0.0
1459.0,0.01,891,100,0.0
1459.5,0.01,892,101,0.0
1460.0,0.01,892,101,0.0
1460.5,0.011,892,101,0.0
1461.0,0.01,893,101,0.0
1461.5,0.008,893,100,0.0
1462.0,0.008,893,100,0.0
1462.5,0.008,894,100,0.0
1463.0,0.006,894,99,1.8
1463.5,0.01,894,99,3.0
1464.0,0.01,895,100,3.6
1464.5,0.01,895,100,4.2
1465.0,0.008,895,100,3.6
1465.5,0.006,895,100,3.0
1466.0,0.008,896,99,3.0
1466.5,0.008,896,99,3.0
1467.0,0.008,896,99,3.0
1467.5,0.008,897,99,3.0
1468.0,0.006,897,99,3.6
1468.5,0.01,897,99,3.6
1469.0,0.008,898,99,3.6
1469.5,0.008,898,99,4.2
1470.0,0.008,898,100,4.2
1470.5,0.006,898,100,4.2
1471.0,0.006,899,100,4.2
1471.5,0.006,899,100,3.6
1472.0,0.01,899,100,3.6
1472.5,0.01,900,99,3.6
1473.0,0.01,900,99,3.6
1473.5,0.006,900,99,4.2
1474.0,0.008,900,99,3.6
1474.5,0.008,901,99,3.6
1475.0,0.006,901,99,3.6
1475.5,0.008,901,100,3.6
1476.0,0.006,902,100,3.6
1476.5,0.008,902,100,3.0
1477.0,0.01,902,100,3.0
1477.5,0.01,903,100,3.0
1478.0,0.008,903,100,3.0
1478.5,0.008,903,100,3.0
1479.0,0.008,904,100,3.6
1479.5,0.008,904,100,2.4000000000000004
1480.0,0.008,904,100,1.8
1480.5,0.008,904,100,1.8
1481.0,0.008,905,101,1.8
1481.5,0.01,905,100,1.2000000000000002
1482.0,0.006,906,100,0.6000000000000001
1482.5,0.006,906,99,1.2000000000000002
1483.0,0.005,906,99,0.6000000000000001
1483.5,0.003,907,98,1.2000000000000002
1484.0,0.006,907,98,1.2000000000000002
1484.5,0.006,907,98,0.0
1485.0,0.006,907,98,0.0
1485.5,0.008,908,98,0.0
1486.0,0.01,908,98,0.0
1486.5,0.008,908,98,0.0
1487.0,0.01,909,99,0.0
1487.5,0.008,909,98,0.0
1488.0,0.008,909,98,0.0
1488.5,0.005,910,98,0.0
1489.0,0.006,910,98,0.0
1489.5,0.008,910,99,0.0
1490.0,0.01,910,99,0.0
1490.5,0.008,911,99,0.0
1491.0,0.01,911,100,0.0
1491.5,0.01,911,100,0.0
1492.0,0.01,912,101,0.0
1492.5,0.008,912,101,0.0
1493.0,0.008,912,100,0.0
1493.5,0.006,913,100,0.0
1494.0,0.006,913,100,0.0
1494.5,0.006,913,100,0.0
1495.0,0.006,913,99,1.2000000000000002
1495.5,0.003,914,99,2.4000000000000004
1496.0,0.006,914,99,3.6
1496.5,0.005,914,100,3.6
1497.0,0.006,915,100,3.6
1497.5,0.006,915,100,3.6
1498.0,0.008,915,100,3.0
1498.5,0.006,915,99,3.0
1499.0,0.01,916,99,3.0
1499.5,0.006,916,99,3.0
1500.0,0.008,916,99,3.6
1500.5,0.006,917,99,3.6
1501.0,0.008,917,100,3.6
1501.5,0.005,917,100,4.2
1502.0,0.006,918,100,4.2
1502.5,0.006,918,100,4.2
1503.0,0.01,918,100,4.2
1503.5,0.008,919,100,3.6
1504.0,0.006,919,100,3.6
1504.5,0.005,919,100,3.6
1505.0,0.008,919,100,3.6
1505.5,0.006,920,100,3.6
1506.0,0.008,920,100,3.6
1506.5,0.006,920,100,3.6
1507.0,0.006,921,100,3.6
1507.5,0.006,921,100,3.6
1508.0,0.006,921,100,3.6
1508.5,0.005,922,100,3.0
1509.0,0.005,922,100,3.0
1509.5,0.005,922,100,3.0
1510.0,0.005,922,101,3.0
1510.5,0.006,923,101,3.0
1511.0,0.006,923,100,3.6
1511.5,0.006,923,100,2.4000000000000004
1512.0,0.006,924,100,1.8
1512.5,0.008,924,101,1.8
1513.0,0.008,924,101,1.8
1513.5,0.006,925,101,1.2000000000000002
1514.0,0.006,925,101,1.2000000000000002
1514.5,0.006,925,100,1.2000000000000002
1515.0,0.006,925,99,1.2000000000000002
1515.5,0.006,926,99,1.2000000000000002
1516.0,0.006,926,98,1.2000000000000002
1516.5,0.006,926,98,1.2000000000000002
1517.0,0.005,927,98,0.6000000000000001
1517.5,0.006,927,98,0.0
1518.0,0.005,927,98,0.0
1518.5,0.006,928,98,0.0
1519.0,0.006,928,98,0.0
1519.5,0.008,928,99,0.0
1520.0,0.01,928,98,0.0
1520.5,0.01,929,99,0.0
1521.0,0.006,929,98,0.0
1521.5,0.006,929,99,0.0
1522.0,0.005,930,99,0.0
1522.5,0.005,930,100,0.0
1523.0,0.003,930,99,0.0
1523.5,0.006,931,101,0.0
1524.0,0.008,931,101,0.0
1524.5,0.01,931,101,0.0
1525.0,0.008,931,101,0.0
1525.5,0.008,932,101,0.0
1526.0,0.008,932,100,0.0
1526.5,0.008,932,100,0.0
1527.0,0.006,933,100,0.0
1527.5,0.006,933,100,0.6000000000000001
1528.0,0.006,933,99,2.4000000000000004
1528.5,0.006,934,100,3.0
1529.0,0.008,934,100,3.6
1529.5,0.008,934,100,3.6
1530.0,0.006,934,100,3.0
1530.5,0.008,935,100,3.0
1531.0,0.006,935,99,3.0
1531.5,0.006,935,99,3.0
1532.0,0.006,936,99,3.0
1532.5,0.006,936,99,3.0
1533.0,0.006,936,99,3.6
1533.5,0.006,937,100,3.6
1534.0,0.006,937,100,4.2
1534.5,0.006,937,100,4.2
1535.0,0.006,937,100,4.2
1535.5,0.006,938,100,4.2
1536.0,0.005,938,101,3.6
1536.5,0.006,938,100,3.6
1537.0,0.01,939,100,3.0
1537.5,0.008,939,100,3.6
1538.0,0.008,939,100,3.6
1538.5,0.008,940,100,3.6
1539.0,0.006,940,100,3.6
1539.5,0.008,940,100,3.6
1540.0,0.006,940,100,3.6
1540.5,0.006,941,100,3.0
1541.0,0.008,941,100,3.0
1541.5,0.008,941,100,3.0
1542.0,0.005,942,100,2.4000000000000004
1542.5,0.008,942,100,2.4000000000000004
1543.0,0.008,942,100,3.0
1543.5,0.008,943,100,3.0
1544.0,0.006,943,100,3.0
1544.5,0.006,943,100,2.4000000000000004
1545.0,0.006,944,100,1.8
1545.5,0.011,944,101,1.2000000000000002
1546.0,0.01,944,101,1.2000000000000002
1546.5,0.01,944,100,1.2000000000000002
1547.0,0.006,945,100,1.2000000000000002
1547.5,0.005,945,99,1.2000000000000002
1548.0,0.005,945,99,1.2000000000000002
1548.5,0.006,946,99,1.2000000000000002
1549.0,0.005,946,98,1.2000000000000002
1549.5,0.006,946,98,0.6000000000000001
1550.0,0.008,946,98,0.0
1550.5,0.008,947,98,0.0
1551.0,0.008,947,98,0.0
1551.5,0.008,947,98,0.0
1552.0,0.008,948,99,0.0
1552.5,0.006,948,98,0.0
1553.0,0.006,948,98,0.0
1553.5,0.008,949,98,0.0
1554.0,0.006,949,98,0.0
1554.5,0.008,949,99,0.0
1555.0,0.008,949,99,0.0
1555.5,0.008,950,99,0.0
1556.0,0.008,950,99,0.0
1556.5,0.008,950,101,0.0
1557.0,0.006,951,101,0.0
1557.5,0.006,951,101,0.0
1558.0,0.01,951,100,0.0
1558.5,0.008,952,100,0.0
1559.0,0.008,952,100,0.0
1559.5,0.006,952,100,0.0
1560.0,0.005,952,99,0.6000000000000001
1560.5,0.005,953,99,2.4000000000000004
1561.0,0.006,953,99,3.6
1561.5,0.005,953,99,3.6
1562.0,0.006,954,100,3.6
1562.5,0.006,954,100,3.6
1563.0,0.006,954,100,3.0
1563.5,0.006,955,99,3.0
1564.0,0.008,955,99,3.0
1564.5,0.006,955,99,3.0
1565.0,0.008,955,98,3.0
1565.5,0.006,956,99,3.6
1566.0,0.006,956,99,3.6
1566.5,0.006,956,99,3.6
1567.0,0.008,957,99,4.2
1567.5,0.008,957,99,4.2
1568.0,0.008,957,99,4.2
1568.5,0.008,958,100,4.2
1569.0,0.005,958,99,3.6
1569.5,0.005,958,99,3.6
1570.0,0.005,958,99,3.6
1570.5,0.005,959,99,3.6
1571.0,0.008,959,99,4.2
1571.5,0.008,959,99,3.6
1572.0,0.01,960,99,3.6
1572.5,0.008,960,99,3.6
1573.0,0.01,960,99,3.6
1573.5,0.008,961,100,3.0
1574.0,0.006,961,100,3.0
1574.5,0.006,961,100,3.0
1575.0,0.006,961,101,3.0
1575.5,0.005,962,100,3.0
1576.0,0.008,962,100,3.0
1576.5,0.008,962,100,3.6
1577.0,0.008,963,100,2.4000000000000004
1577.5,0.008,963,100,1.8
1578.0,0.006,963,101,1.8
1578.5,0.006,964,101,1.2000000000000002
1579.0,0.008,964,101,1.2000000000000002
1579.5,0.006,964,100,1.2000000000000002
1580.0,0.006,964,100,1.2000000000000002
1580.5,0.006,965,99,1.2000000000000002
1581.0,0.005,965,99,1.2000000000000002
1581.5,0.005,965,98,1.2000000000000002
1582.0,0.008,966,98,0.6000000000000001
1582.5,0.005,966,98,0.0
1583.0,0.005,966,98,0.0
1583.5,0.005,967,98,0.0
1584.0,0.006,967,98,0.0
1584.5,0.006,967,99,0.0
1585.0,0.008,967,99,0.0
1585.5,0.006,968,99,0.0
1586.0,0.006,968,99,0.0
1586.5,0.006,968,98,0.0
1587.0,0.006,969,99,0.0
1587.5,0.005,969,99,0.0
1588.0,0.006,969,100,0.0
1588.5,0.006,970,100,0.0
1589.0,0.006,970,101,0.0
1589.5,0.01,970,101,0.0
1590.0,0.008,970,102,0.0
1590.5,0.006,971,101,0.0
1591.0,0.006,971,101,0.0
1591.5,0.006,971,101,0.0
1592.0,0.005,972,101,0.0
1592.5,0.006,972,101,0.0
1593.0,0.008,972,100,1.2000000000000002
1593.5,0.006,973,100,3.0
1594.0,0.008,973,100,3.6
1594.5,0.006,973,101,3.6
1595.0,0.006,973,101,3.0
1595.5,0.006,974,101,3.0
1596.0,0.006,974,100,2.4000000000000004
1596.5,0.005,974,100,2.4000000000000004
1597.0,0.006,975,100,2.4000000000000004
1597.5,0.008,975,100,2.4000000000000004
1598.0,0.006,975,100,3.0
1598.5,0.008,976,100,3.0
1599.0,0.006,976,100,3.6
1599.5,0.006,976,100,3.6
1600.0,0.005,977,101,3.6
1600.5,0.006,977,101,3.6
1601.0,0.003,977,101,3.0
1601.5,0.006,977,101,3.0
1602.0,0.006,978,101,3.0
1602.5,0.008,978,100,3.0
1603.0,0.006,978,100,3.0
1603.5,0.006,979,100,3.6
1604.0,0.006,979,100,3.0
1604.5,0.005,979,99,3.0
1605.0,0.006,980,99,3.0
1605.5,0.008,980,100,3.0
1606.0,0.008,980,100,3.0
1606.5,0.008,980,100,2.4000000000000004
1607.0,0.008,981,100,2.4000000000000004
1607.5,0.008,981,100,2.4000000000000004
1608.0,0.006,981,100,2.4000000000000004
1608.5,0.01,982,100,3.0
1609.0,0.008,982,100,3.0
1609.5,0.008,982,100,2.4000000000000004
1610.0,0.008,983,100,1.8
1610.5,0.008,983,100,1.2000000000000002
1611.0,0.008,983,101,1.2000000000000002
1611.5,0.01,983,100,1.2000000000000002
1612.0,0.008,984,100,0.6000000000000001
1612.5,0.008,984,99,0.6000000000000001
1613.0,0.006,984,99,0.6000000000000001
1613.5,0.01,985,99,0.6000000000000001
1614.0,0.008,985,98,1.2000000000000002
1614.5,0.008,985,98,1.2000000000000002
1615.0,0.008,986,98,0.0
1615.5,0.008,986,98,0.0
1616.0,0.006,986,98,0.0
1616.5,0.01,986,98,0.0
1617.0,0.008,987,98,0.0
1617.5,0.008,987,99,0.0
1618.0,0.008,987,98,0.0
1618.5,0.008,988,99,0.0
1619.0,0.006,988,98,0.0
1619.5,0.01,988,99,0.0
1620.0,0.008,988,99,0.0
1620.5,0.008,989,99,0.0
1621.0,0.008,989,100,0.0
1621.5,0.01,989,101,0.0
1622.0,0.008,990,101,0.0
1622.5,0.01,990,101,0.0
1623.0,0.006,990,101,0.0
1623.5,0.008,991,101,0.0
1624.0,0.008,991,100,0.0
1624.5,0.008,991,100,0.0
1625.0,0.008,992,100,0.0
1625.5,0.013,992,99,1.2000000000000002
1626.0,0.01,992,99,2.4000000000000004
1626.5,0.016,992,100,3.6
1627.0,0.016,993,100,3.6
1627.5,0.016,993,100,3.6
1628.0,0.013,993,100,3.0
1628.5,0.019,994,99,3.0
1629.0,0.024,994,98,3.0
1629.5,0.024,994,98,3.0
1630.0,0.018,995,98,3.0
1630.5,0.015,995,98,3.0
1631.0,0.01,995,98,3.6
1631.5,0.013,995,98,3.6
1632.0,0.013,996,98,4.2
1632.5,0.013,996,99,4.2
1633.0,0.011,996,99,4.2
1633.5,0.01,997,99,4.2
1634.0,0.011,997,99,3.6
1634.5,0.011,997,98,3.6
1635.0,0.011,997,99,3.6
1635.5,0.01,998,99,3.6
1636.0,0.013,998,99,4.2
1636.5,0.015,998,99,3.6
1637.0,0.015,999,98,3.6
1637.5,0.013,999,97,3.6
1638.0,0.013,999,98,3.6
1638.5,0.011,1000,98,3.6
1639.0,0.013,1000,99,3.6
1639.5,0.015,1000,99,3.0
1640.0,0.015,1000,99,3.0
1640.5,0.015,1001,99,3.0
1641.0,0.015,1001,99,3.0
1641.5,0.016,1001,99,3.6
1642.0,0.018,1002,98,3.0
1642.5,0.016,1002,98,2.4000000000000004
1643.0,0.016,1002,98,1.8
1643.5,0.015,1003,99,1.2000000000000002
1644.0,0.015,1003,99,1.2000000000000002
1644.5,0.015,1003,99,1.2000000000000002
1645.0,0.016,1003,99,1.2000000000000002
1645.5,0.018,1004,98,1.2000000000000002
1646.0,0.018,1004,97,1.2000000000000002
1646.5,0.015,1004,97,1.2000000000000002
1647.0,0.015,1005,96,1.2000000000000002
1647.5,0.015,1005,96,1.2000000000000002
1648.0,0.015,1005,96,0.0
1648.5,0.016,1005,96,0.0
1649.0,0.016,1006,96,0.0
1649.5,0.018,1006,97,0.0
1650.0,0.019,1006,97,0.0
1650.5,0.018,1007,97,0.0
1651.0,0.015,1007,97,0.0
1651.5,0.018,1007,97,0.0
1652.0,0.016,1007,97,0.0
1652.5,0.018,1008,97,0.0
1653.0,0.018,1008,98,0.0
1653.5,0.018,1008,98,0.0
1654.0,0.016,1009,99,0.0
1654.5,0.019,1009,100,0.0
1655.0,0.019,1009,100,0.0
1655.5,0.019,1010,100,0.0
1656.0,0.016,1010,100,0.0
1656.5,0.015,1010,100,0.0
1657.0,0.013,1011,100,0.0
1657.5,0.011,1011,100,0.0
1658.0,0.013,1011,99,0.0
1658.5,0.019,1011,99,1.2000000000000002
1659.0,0.019,1012,98,3.0
1659.5,0.018,1012,99,3.6
1660.0,0.016,1012,99,4.2
1660.5,0.015,1013,99,3.6
1661.0,0.016,1013,99,3.6
1661.5,0.015,1013,99,3.6
1662.0,0.015,1013,98,3.0
1662.5,0.018,1014,98,3.0
1663.0,0.018,1014,98,3.6
1663.5,0.015,1014,98,3.6
1664.0,0.016,1015,98,4.2
1664.5,0.018,1015,99,4.2
1665.0,0.016,1015,99,4.2
1665.5,0.015,1016,99,4.2
1666.0,0.015,1016,99,4.2
1666.5,0.013,1016,99,4.2
1667.0,0.015,1017,99,4.2
1667.5,0.016,1017,99,3.6
1668.0,0.018,1017,99,3.6
1668.5,0.018,1017,99,3.6
1669.0,0.016,1018,99,4.2
1669.5,0.013,1018,99,4.2
1670.0,0.013,1018,99,3.6
1670.5,0.013,1019,99,3.6
1671.0,0.015,1019,99,4.2
1671.5,0.018,1019,99,4.2
1672.0,0.016,1019,99,3.6
1672.5,0.015,1020,99,3.6
1673.0,0.013,1020,99,3.0
1673.5,0.013,1020,100,3.6
1674.0,0.015,1021,99,3.6
1674.5,0.013,1021,99,4.2
1675.0,0.01,1021,99,3.0
1675.5,0.015,1022,99,2.4000000000000004
1676.0,0.016,1022,99,1.8
1676.5,0.016,1022,100,1.8
1677.0,0.019,1022,100,1.2000000000000002
1677.5,0.015,1023,99,1.2000000000000002
1678.0,0.011,1023,99,1.2000000000000002
1678.5,0.008,1023,99,1.2000000000000002
1679.0,0.011,1024,98,1.2000000000000002
1679.5,0.013,1024,98,1.2000000000000002
1680.0,0.016,1024,97,1.2000000000000002
1680.5,0.018,1025,97,1.2000000000000002
1681.0,0.016,1025,97,0.0
1681.5,0.011,1025,97,0.0
1682.0,0.013,1025,97,0.0
1682.5,0.015,1026,98,0.0
1683.0,0.016,1026,98,0.0
1683.5,0.015,1026,98,0.0
1684.0,0.011,1027,98,0.0
1684.5,0.013,1027,99,0.0
1685.0,0.018,1027,99,0.0
1685.5,0.018,1027,99,0.0
1686.0,0.019,1028,99,0.0
1686.5,0.018,1028,99,0.0
1687.0,0.015,1028,100,0.0
1687.5,0.011,1029,101,0.0
1688.0,0.013,1029,101,0.0
1688.5,0.018,1029,102,0.0
1689.0,0.019,1030,101,0.0
1689.5,0.019,1030,101,0.0
1690.0,0.015,1030,100,0.0
1690.5,0.011,1031,100,0.0
1691.0,0.011,1031,100,0.0
1691.5,0.013,1031,99,1.8
1692.0,0.015,1031,99,3.0
1692.5,0.018,1032,100,3.6
1693.0,0.018,1032,100,4.2
1693.5,0.016,1032,100,3.6
1694.0,0.013,1033,100,3.6
1694.5,0.016,1033,100,3.6
1695.0,0.018,1033,99,3.0
1695.5,0.019,1034,99,3.0
1696.0,0.018,1034,99,3.6
1696.5,0.015,1034,99,3.6
1697.0,0.013,1034,99,4.2
1697.5,0.016,1035,100,3.6
1698.0,0.021,1035,100,4.2
1698.5,0.019,1035,100,4.2
1699.0,0.018,1036,100,4.2
1699.5,0.016,1036,100,4.2
1700.0,0.011,1036,100,3.6
1700.5,0.013,1036,100,3.6
1701.0,0.015,1037,100,3.6
1701.5,0.021,1037,100,3.6
1702.0,0.019,1037,99,4.2
1702.5,0.018,1038,99,3.6
1703.0,0.015,1038,99,3.6
1703.5,0.015,1038,99,3.6
1704.0,0.015,1039,99,3.6
1704.5,0.021,1039,99,3.6
1705.0,0.019,1039,100,3.6
1705.5,0.015,1040,99,3.0
1706.0,0.011,1040,100,3.0
1706.5,0.016,1040,100,3.0
1707.0,0.019,1040,100,3.6
1707.5,0.023,1041,99,3.6
1708.0,0.021,1041,99,2.4000000000000004
1708.5,0.018,1041,99,1.8
1709.0,0.016,1042,99,1.8
1709.5,0.013,1042,100,1.2000000000000002
1710.0,0.015,1042,100,1.2000000000000002
1710.5,0.021,1043,99,1.2000000000000002
1711.0,0.021,1043,99,1.2000000000000002
1711.5,0.021,1043,98,1.2000000000000002
1712.0,0.016,1043,98,1.2000000000000002
1712.5,0.015,1044,97,1.2000000000000002
1713.0,0.015,1044,97,1.2000000000000002
1713.5,0.021,1045,97,0.0
1714.0,0.023,1045,97,0.0
1714.5,0.023,1045,97,0.0
1715.0,0.021,1045,97,0.0
1715.5,0.021,1046,98,0.0
1716.0,0.021,1046,97,0.0
1716.5,0.021,1046,98,0.0
1717.0,0.019,1047,98,0.0
1717.5,0.019,1047,98,0.0
1718.0,0.019,1047,99,0.0
1718.5,0.021,1048,99,0.0
1719.0,0.026,1048,98,0.0
1719.5,0.024,1048,100,0.0
1720.0,0.024,1048,100,0.0
1720.5,0.023,1049,100,0.0
1721.0,0.021,1049,100,0.0
1721.5,0.019,1049,100,0.0
1722.0,0.021,1050,100,0.0
1722.5,0.019,1050,100,0.0
1723.0,0.021,1050,99,0.0
1723.5,0.021,1051,99,0.6000000000000001
1724.0,0.023,1051,98,2.4000000000000004
1724.5,0.019,1051,99,3.6
1725.0,0.024,1051,99,4.2
1725.5,0.021,1052,99,4.2
1726.0,0.023,1052,99,4.2
1726.5,0.021,1052,99,3.6
1727.0,0.024,1053,98,3.6
1727.5,0.024,1053,98,3.6
1728.0,0.026,1053,98,3.6
1728.5,0.023,1053,98,3.6
1729.0,0.023,1054,98,4.2
1729.5,0.024,1054,98,4.2
1730.0,0.024,1054,99,4.2
1730.5,0.024,1055,98,4.800000000000001
1731.0,0.023,1055,99,4.800000000000001
1731.5,0.026,1055,99,4.800000000000001
1732.0,0.026,1056,99,4.2
1732.5,0.027,1056,99,4.2
1733.0,0.026,1056,98,4.2
1733.5,0.026,1056,98,4.2
1734.0,0.021,1057,98,4.800000000000001
1734.5,0.021,1057,98,4.800000000000001
1735.0,0.023,1057,98,4.2
1735.5,0.026,1058,98,4.2
1736.0,0.026,1058,98,4.2
1736.5,0.026,1058,98,4.2
1737.0,0.027,1059,98,4.2
1737.5,0.027,1059,98,3.6
1738.0,0.026,1059,98,4.2
1738.5,0.029,1059,98,3.6
1739.0,0.026,1060,99,3.6
1739.5,0.024,1060,99,4.2
1740.0,0.027,1060,98,4.2
1740.5,0.029,1061,98,3.0
1741.0,0.029,1061,98,2.4000000000000004
1741.5,0.029,1061,98,1.8
1742.0,0.032,1061,99,1.2000000000000002
1742.5,0.026,1062,99,1.2000000000000002
1743.0,0.023,1062,99,1.2000000000000002
1743.5,0.026,1062,98,1.2000000000000002
1744.0,0.029,1063,98,1.2000000000000002
1744.5,0.029,1063,97,1.2000000000000002
1745.0,0.029,1063,97,1.2000000000000002
1745.5,0.029,1064,96,1.8
1746.0,0.032,1064,97,0.6000000000000001
1746.5,0.032,1064,96,0.0
1747.0,0.032,1064,96,0.0
1747.5,0.029,1065,96,0.0
1748.0,0.031,1065,97,0.0
1748.5,0.029,1065,97,0.0
1749.0,0.031,1066,97,0.0
1749.5,0.031,1066,97,0.0
1750.0,0.035,1066,97,0.0
1750.5,0.035,1066,97,0.0
1751.0,0.035,1067,98,0.0
1751.5,0.034,1067,98,0.0
1752.0,0.031,1067,97,0.0
1752.5,0.032,1068,98,0.0
1753.0,0.035,1068,99,0.0
1753.5,0.037,1068,99,0.0
1754.0,0.04,1069,99,0.0
1754.5,0.039,1069,99,0.0
1755.0,0.034,1069,98,0.0
1755.5,0.035,1069,98,0.0
1756.0,0.035,1070,98,0.0
1756.5,0.037,1070,98,0.6000000000000001
1757.0,0.037,1070,97,2.4000000000000004
1757.5,0.035,1071,97,3.6
1758.0,0.034,1071,97,4.2
1758.5,0.04,1071,98,4.800000000000001
1759.0,0.045,1072,98,4.800000000000001
1759.5,0.044,1072,98,4.2
1760.0,0.035,1072,97,4.2
1760.5,0.035,1072,97,4.2
1761.0,0.037,1073,97,4.2
1761.5,0.042,1073,97,4.2
1762.0,0.044,1073,97,4.2
1762.5,0.042,1074,97,5.4
1763.0,0.04,1074,97,4.800000000000001
1763.5,0.044,1074,97,5.4
1764.0,0.042,1074,98,6.0
1764.5,0.045,1075,98,6.0
1765.0,0.044,1075,98,6.0
1765.5,0.042,1075,98,5.4
1766.0,0.04,1076,97,5.4
1766.5,0.047,1076,97,5.4
1767.0,0.05,1076,97,5.4
1767.5,0.05,1076,97,6.0
1768.0,0.048,1077,97,5.4
1768.5,0.048,1077,96,4.800000000000001
1769.0,0.045,1077,96,4.800000000000001
1769.5,0.05,1078,96,5.4
1770.0,0.055,1078,96,4.800000000000001
1770.5,0.055,1078,97,4.800000000000001
1771.0,0.055,1079,96,4.800000000000001
1771.5,0.055,1079,97,4.800000000000001
1772.0,0.055,1079,97,4.800000000000001
1772.5,0.058,1079,97,4.800000000000001
1773.0,0.063,1080,97,5.4
1773.5,0.061,1080,96,4.800000000000001
1774.0,0.064,1080,95,3.6
1774.5,0.066,1081,95,2.4000000000000004
1775.0,0.064,1081,96,2.4000000000000004
1775.5,0.064,1081,96,1.8
1776.0,0.068,1081,96,1.8
1776.5,0.068,1082,95,1.8
1777.0,0.071,1082,94,1.8
1777.5,0.073,1082,94,1.8
1778.0,0.071,1083,94,1.8
1778.5,0.074,1083,93,1.8
1779.0,0.077,1083,93,1.8
1779.5,0.079,1083,93,1.2000000000000002
1780.0,0.076,1084,92,0.0
1780.5,0.082,1084,92,0.0
1781.0,0.085,1084,91,0.0
1781.5,0.087,1085,92,0.0
1782.0,0.089,1085,92,0.0
1782.5,0.093,1085,92,0.0
1783.0,0.09,1085,92,0.0
1783.5,0.092,1086,92,0.0
1784.0,0.097,1086,92,0.0
1784.5,0.097,1086,92,0.0
1785.0,0.098,1086,92,0.0
1785.5,0.102,1087,92,0.0
1786.0,0.105,1087,92,0.0
1786.5,0.105,1087,92,0.0
1787.0,0.11,1088,93,0.0
1787.5,0.108,1088,93,0.0
1788.0,0.113,1088,93,0.6000000000000001
1788.5,0.114,1088,93,0.0
1789.0,0.116,1089,92,0.0
1789.5,0.114,1089,92,0.0
1790.0,0.119,1089,92,0.0
1790.5,0.126,1090,91,0.0
1791.0,0.124,1090,90,2.4000000000000004
1791.5,0.122,1090,89,4.800000000000001
1792.0,0.127,1090,89,7.2
1792.5,0.131,1091,89,7.800000000000001
1793.0,0.132,1091,89,8.5
1793.5,0.137,1091,89,8.5
1794.0,0.137,1091,89,8.5
1794.5,0.142,1092,89,8.5
1795.0,0.147,1092,89,8.5
1795.5,0.147,1092,89,8.5
1796.0,0.147,1092,89,8.5
1796.5,0.15,1093,89,9.1
1797.0,0.158,1093,89,9.700000000000001
1797.5,0.156,1093,89,9.1
1798.0,0.156,1094,89,9.1
1798.5,0.158,1094,88,10.9
1799.0,0.164,1094,88,11.5
1799.5,0.164,1094,88,12.100000000000001
1800.0,0.176,1095,88,12.100000000000001
1800.5,0.177,1095,88,12.700000000000001
1801.0,0.179,1095,87,12.700000000000001
1801.5,0.179,1095,87,12.700000000000001
1802.0,0.185,1096,87,12.700000000000001
1802.5,0.185,1096,87,13.3
1803.0,0.187,1096,87,13.3
1803.5,0.189,1096,86,10.9
1804.0,0.197,1097,84,9.700000000000001
1804.5,0.197,1097,84,10.3
1805.0,0.197,1097,84,10.9
1805.5,0.203,1097,83,11.5
1806.0,0.209,1098,83,11.5
1806.5,0.209,1098,84,12.100000000000001
1807.0,0.209,1098,85,12.100000000000001
1807.5,0.219,1098,85,12.700000000000001
1808.0,0.219,1099,85,12.100000000000001
1808.5,0.219,1099,85,12.700000000000001
1809.0,0.222,1099,85,12.700000000000001
1809.5,0.224,1099,85,12.700000000000001
1810.0,0.23,1100,84,9.1
1810.5,0.23,1100,83,6.0
1811.0,0.234,1100,82,5.4
1811.5,0.237,1100,82,4.800000000000001
1812.0,0.24,1101,83,4.800000000000001
1812.5,0.243,1101,83,4.800000000000001
1813.0,0.245,1101,83,4.800000000000001
1813.5,0.247,1101,83,4.800000000000001
1814.0,0.251,1102,83,4.800000000000001
1814.5,0.255,1102,83,4.800000000000001
1815.0,0.261,1102,83,4.800000000000001
1815.5,0.261,1103,82,5.4
1816.0,0.267,1103,82,5.4
1816.5,0.267,1103,82,3.0
1817.0,0.269,1103,80,0.0
1817.5,0.269,1103,78,0.0
1818.0,0.277,1104,78,0.0
1818.5,0.284,1104,78,0.0
1819.0,0.285,1104,78,0.0
1819.5,0.285,1104,79,0.0
1820.0,0.293,1105,79,0.0
1820.5,0.293,1105,80,0.0
1821.0,0.295,1105,80,0.0
1821.5,0.296,1105,81,0.0
1822.0,0.305,1106,81,0.0
1822.5,0.309,1106,81,0.0
1823.0,0.309,1106,82,0.0
1823.5,0.313,1106,81,0.0
1824.0,0.313,1107,79,0.6000000000000001
1824.5,0.313,1107,78,2.4000000000000004
1825.0,0.321,1107,78,3.0
1825.5,0.325,1107,79,3.6
1826.0,0.332,1108,79,3.6
1826.5,0.332,1108,80,3.6
1827.0,0.334,1108,80,3.6
1827.5,0.34,1108,80,3.6
1828.0,0.342,1109,80,3.6
1828.5,0.342,1109,81,3.6
1829.0,0.346,1109,80,3.6
1829.5,0.348,1109,80,3.6
1830.0,0.353,1109,78,8.5
1830.5,0.353,1110,75,14.5
1831.0,0.361,1110,74,17.0
1831.5,0.367,1110,74,18.8
1832.0,0.367,1110,74,20.6
1832.5,0.382,1111,75,21.3
1833.0,0.383,1111,78,21.900000000000002
1833.5,0.385,1112,78,21.3
1834.0,0.393,1112,79,21.3
1834.5,0.395,1112,79,21.3
1835.0,0.395,1112,79,21.3
1835.5,0.396,1113,79,21.900000000000002
1836.0,0.401,1113,79,21.3
1836.5,0.404,1113,78,18.8
1837.0,0.406,1113,77,20.6
1837.5,0.409,1113,75,24.3
1838.0,0.421,1114,75,27.3
1838.5,0.424,1114,75,29.200000000000003
1839.0,0.424,1114,75,29.8
1839.5,0.424,1114,76,30.400000000000002
1840.0,0.432,1114,76,31.0
1840.5,0.432,1115,77,31.0
1841.0,0.438,1115,78,31.0
1841.5,0.441,1115,78,31.6
1842.0,0.451,1115,78,31.6
1842.5,0.451,1116,78,32.2
1843.0,0.451,1116,78,26.700000000000003
1843.5,0.451,1116,75,22.5
1844.0,0.451,1116,72,23.1
1844.5,0.461,1117,71,24.900000000000002
1845.0,0.467,1117,71,26.700000000000003
1845.5,0.47,1117,71,27.3
1846.0,0.479,1117,72,28.5
1846.5,0.48,1117,73,28.5
1847.0,0.48,1118,74,28.5
1847.5,0.488,1118,74,28.5
1848.0,0.49,1118,75,28.5
1848.5,0.496,1118,76,28.5
1849.0,0.501,1119,77,28.5
1849.5,0.508,1119,77,29.200000000000003
1850.0,0.517,1119,77,29.8
1850.5,0.517,1119,76,23.1
1851.0,0.517,1119,73,15.100000000000001
1851.5,0.517,1120,70,14.5
1852.0,0.524,1120,70,13.3
1852.5,0.527,1120,70,13.3
1853.0,0.528,1120,71,13.3
1853.5,0.535,1121,73,13.9
1854.0,0.543,1121,73,13.9
1854.5,0.549,1121,74,13.9
1855.0,0.549,1121,74,13.9
1855.5,0.553,1121,75,13.9
1856.0,0.557,1122,76,13.9
1856.5,0.562,1122,76,13.9
1857.0,0.566,1122,76,14.5
1857.5,0.569,1122,76,12.100000000000001
1858.0,0.574,1123,75,8.5
1858.5,0.577,1123,70,4.800000000000001
1859.0,0.577,1123,68,3.6
1859.5,0.585,1123,67,3.0
1860.0,0.591,1123,67,3.0
1860.5,0.591,1124,68,3.0
1861.0,0.596,1124,0,3.0
1861.5,0.596,1124,0,0.0
1862.0,0.606,1124,0,0.0
1862.5,0.606,1124,0,1.2000000000000002
1863.0,0.606,1124,0,3.6
1863.5,0.606,1124,0,4.2
1864.0,0.606,1124,0,3.6
1864.5,0.561,1124,0,2.4000000000000004
1865.0,0.553,1124,0,1.2000000000000002
1865.5,0.535,1124,0,0.0
1866.0,0.528,1124,0,0.0
1866.5,0.512,1124,0,0.0
1867.0,0.499,1124,0,0.0
1867.5,0.485,1124,0,0.0
1868.0,0.472,1124,0,0.0
1868.5,0.458,1124,0,0.0
1869.0,0.45,1124,0,0.0
1869.5,0.433,1124,0,0.0
1870.0,0.425,1124,0,0.0
1870.5,0.414,1124,0,0.0
1871.0,0.409,1124,0,0.0
1871.5,0.403,1124,0,0.0
1872.0,0.396,1124,0,0.0
1872.5,0.387,1124,0,0.0
1873.0,0.382,1124,0,0.0
1873.5,0.377,1124,0,0.0
1874.0,0.371,1124,0,0.0
1874.5,0.364,1124,0,0.0
1875.0,0.364,1124,0,0.0
1875.5,0.361,1124,0,0.0
1876.0,0.358,1124,0,0.0
1876.5,0.35,1124,0,0.0
